text,tag
perfect,ADJ
fairmont,ADJ
fanat,ADJ
presid,ADJ
experi,ADJ
loyal,ADJ
fairmont,ADJ
regular,ADJ
frank,ADJ
unpack,ADJ
great,ADJ
great,ADJ
close,ADJ
great,ADJ
short,ADJ
nice,ADJ
good,ADJ
singl,ADJ
delux,ADJ
live,ADJ
sever,ADJ
huge,ADJ
glad,ADJ
close,ADJ
close,ADJ
west,ADJ
much,ADJ
true,ADJ
soft,ADJ
huge,ADJ
walkin,ADJ
warm,ADJ
toiletri,ADJ
dedic,ADJ
live,ADJ
steep,ADJ
good,ADJ
high,ADJ
perfect,ADJ
upgrad,ADJ
high,ADJ
formal,ADJ
easi,ADJ
good,ADJ
close,ADJ
small,ADJ
sever,ADJ
next,ADJ
second,ADJ
third,ADJ
dorchest,ADJ
execut,ADJ
unexpect,ADJ
much,ADJ
anniversari,ADJ
dorchest,ADJ
special,ADJ
extra,ADJ
special,ADJ
best,ADJ
fresh,ADJ
everi,ADJ
best,ADJ
much,ADJ
dorchest,ADJ
perfect,ADJ
lavish,ADJ
dorchest,ADJ
rare,ADJ
anoth,ADJ
dorchest,ADJ
delight,ADJ
local,ADJ
clean,ADJ
great,ADJ
perfect,ADJ
present,ADJ
perfect,ADJ
small,ADJ
nice,ADJ
good,ADJ
clean,ADJ
high,ADJ
much,ADJ
clean,ADJ
quiet,ADJ
present,ADJ
femal,ADJ
smaller,ADJ
larger,ADJ
full,ADJ
larger,ADJ
light,ADJ
small,ADJ
femal,ADJ
enough,ADJ
confid,ADJ
back,ADJ
rememb,ADJ
orient,ADJ
big,ADJ
white,ADJ
young,ADJ
shard,ADJ
due,ADJ
second,ADJ
everi,ADJ
actual,ADJ
best,ADJ
slight,ADJ
somewher,ADJ
equal,ADJ
usher,ADJ
top,ADJ
proud,ADJ
lanesborough,ADJ
right,ADJ
gracious,ADJ
soft,ADJ
famou,ADJ
best,ADJ
fresh,ADJ
best,ADJ
great,ADJ
recent,ADJ
free,ADJ
grosvenor,ADJ
fine,ADJ
great,ADJ
great,ADJ
much,ADJ
incred,ADJ
smart,ADJ
rememb,ADJ
everi,ADJ
great,ADJ
experi,ADJ
much,ADJ
servic,ADJ
ill,ADJ
bad,ADJ
great,ADJ
enough,ADJ
good,ADJ
warmli,ADJ
wrong,ADJ
due,ADJ
next,ADJ
extra,ADJ
tri,ADJ
qualiti,ADJ
servic,ADJ
first,ADJ
close,ADJ
next,ADJ
regular,ADJ
true,ADJ
spend,ADJ
worth,ADJ
everi,ADJ
servic,ADJ
impecc,ADJ
great,ADJ
nice,ADJ
alway,ADJ
great,ADJ
great,ADJ
special,ADJ
great,ADJ
great,ADJ
memor,ADJ
great,ADJ
extra,ADJ
qualiti,ADJ
nice,ADJ
best,ADJ
nice,ADJ
big,ADJ
enough,ADJ
latest,ADJ
kind,ADJ
quiet,ADJ
public,ADJ
nice,ADJ
quick,ADJ
good,ADJ
servic,ADJ
fun,ADJ
great,ADJ
central,ADJ
great,ADJ
wonderful,ADJ
newish,ADJ
nearest,ADJ
everi,ADJ
great,ADJ
keen,ADJ
direct,ADJ
flat,ADJ
celebr,ADJ
petal,ADJ
pringl,ADJ
toiletri,ADJ
close,ADJ
moorgat,ADJ
nice,ADJ
eateri,ADJ
best,ADJ
next,ADJ
great,ADJ
romant,ADJ
dissapoint,ADJ
top,ADJ
enough,ADJ
huge,ADJ
long,ADJ
soft,ADJ
late,ADJ
common,ADJ
classic,ADJ
choic,ADJ
central,ADJ
outstand,ADJ
perfect,ADJ
better,ADJ
perfect,ADJ
signific,ADJ
partial,ADJ
celebr,ADJ
ordinari,ADJ
servic,ADJ
special,ADJ
great,ADJ
quick,ADJ
special,ADJ
long,ADJ
forev,ADJ
next,ADJ
small,ADJ
perfect,ADJ
great,ADJ
thank,ADJ
special,ADJ
celebr,ADJ
underst,ADJ
high,ADJ
qualiti,ADJ
servic,ADJ
full,ADJ
due,ADJ
due,ADJ
good,ADJ
great,ADJ
light,ADJ
first,ADJ
sure,ADJ
long,ADJ
nice,ADJ
toiletri,ADJ
high,ADJ
great,ADJ
nice,ADJ
pefect,ADJ
discreet,ADJ
qualiti,ADJ
nice,ADJ
direct,ADJ
nice,ADJ
tabl,ADJ
front,ADJ
fresh,ADJ
well,ADJ
top,ADJ
swim,ADJ
warm,ADJ
swimwear,ADJ
free,ADJ
acess,ADJ
earli,ADJ
morn,ADJ
spectacular,ADJ
worth,ADJ
deep,ADJ
steep,ADJ
nice,ADJ
strong,ADJ
hot,ADJ
smaller,ADJ
clean,ADJ
fresh,ADJ
hot,ADJ
first,ADJ
next,ADJ
fresh,ADJ
tabl,ADJ
well,ADJ
extra,ADJ
great,ADJ
hot,ADJ
worth,ADJ
late,ADJ
short,ADJ
open,ADJ
enough,ADJ
close,ADJ
great,ADJ
enough,ADJ
equal,ADJ
finest,ADJ
prior,ADJ
gumbal,ADJ
first,ADJ
everi,ADJ
best,ADJ
coffe,ADJ
nice,ADJ
second,ADJ
tri,ADJ
alway,ADJ
small,ADJ
big,ADJ
famili,ADJ
sure,ADJ
includ,ADJ
small,ADJ
secret,ADJ
perfect,ADJ
huge,ADJ
much,ADJ
next,ADJ
brilliant,ADJ
great,ADJ
mondrian,ADJ
incred,ADJ
great,ADJ
great,ADJ
particular,ADJ
extra,ADJ
special,ADJ
everi,ADJ
huge,ADJ
select,ADJ
pastri,ADJ
good,ADJ
nice,ADJ
pastri,ADJ
final,ADJ
unhurri,ADJ
super,ADJ
choic,ADJ
good,ADJ
good,ADJ
great,ADJ
pleasant,ADJ
servic,ADJ
clean,ADJ
hard,ADJ
consid,ADJ
achiev,ADJ
perfect,ADJ
corinthia,ADJ
everi,ADJ
larger,ADJ
first,ADJ
usual,ADJ
wet,ADJ
better,ADJ
largest,ADJ
teatray,ADJ
niagara,ADJ
incess,ADJ
hot,ADJ
liquid,ADJ
enchant,ADJ
big,ADJ
enough,ADJ
half,ADJ
hard,ADJ
singl,ADJ
mondrian,ADJ
last,ADJ
whole,ADJ
experi,ADJ
semicircular,ADJ
great,ADJ
good,ADJ
quick,ADJ
small,ADJ
small,ADJ
central,ADJ
tabl,ADJ
tri,ADJ
other,ADJ
raw,ADJ
main,ADJ
perfect,ADJ
medium,ADJ
rare,ADJ
great,ADJ
final,ADJ
bottom,ADJ
tri,ADJ
celebr,ADJ
everi,ADJ
easi,ADJ
top,ADJ
insid,ADJ
free,ADJ
good,ADJ
anoth,ADJ
flat,ADJ
hot,ADJ
nice,ADJ
best,ADJ
extra,ADJ
big,ADJ
other,ADJ
instant,ADJ
coffe,ADJ
hot,ADJ
popular,ADJ
next,ADJ
best,ADJ
close,ADJ
good,ADJ
great,ADJ
select,ADJ
usual,ADJ
quiet,ADJ
local,ADJ
sure,ADJ
latest,ADJ
notic,ADJ
min,ADJ
ill,ADJ
back,ADJ
good,ADJ
top,ADJ
hous,ADJ
nice,ADJ
enough,ADJ
great,ADJ
overal,ADJ
royalti,ADJ
spectacular,ADJ
adorn,ADJ
much,ADJ
best,ADJ
great,ADJ
famou,ADJ
full,ADJ
english,ADJ
special,ADJ
perfect,ADJ
short,ADJ
worth,ADJ
extra,ADJ
last,ADJ
main,ADJ
special,ADJ
great,ADJ
royalti,ADJ
corinthia,ADJ
biggest,ADJ
advantag,ADJ
great,ADJ
hous,ADJ
best,ADJ
spectacular,ADJ
italian,ADJ
penthous,ADJ
biggest,ADJ
northhal,ADJ
great,ADJ
british,ADJ
itali,ADJ
fine,ADJ
italian,ADJ
perfect,ADJ
biggest,ADJ
attract,ADJ
thermal,ADJ
indoor,ADJ
vital,ADJ
vast,ADJ
special,ADJ
best,ADJ
great,ADJ
easi,ADJ
latter,ADJ
singl,ADJ
best,ADJ
wise,ADJ
next,ADJ
french,ADJ
extra,ADJ
special,ADJ
great,ADJ
servic,ADJ
great,ADJ
back,ADJ
imposs,ADJ
unfortun,ADJ
extern,ADJ
superior,ADJ
gown,ADJ
fast,ADJ
nice,ADJ
big,ADJ
small,ADJ
great,ADJ
biggest,ADJ
nice,ADJ
small,ADJ
huge,ADJ
clean,ADJ
new,ADJ
great,ADJ
close,ADJ
big,ADJ
great,ADJ
much,ADJ
worth,ADJ
long,ADJ
worth,ADJ
enough,ADJ
top,ADJ
clean,ADJ
modern,ADJ
close,ADJ
main,ADJ
mondrian,ADJ
last,ADJ
special,ADJ
clear,ADJ
male,ADJ
femal,ADJ
hot,ADJ
arrang,ADJ
indic,ADJ
close,ADJ
cheaper,ADJ
fine,ADJ
readi,ADJ
key,ADJ
celebr,ADJ
cheap,ADJ
special,ADJ
select,ADJ
hot,ADJ
cold,ADJ
fri,ADJ
tabl,ADJ
rememb,ADJ
much,ADJ
overal,ADJ
good,ADJ
mixtur,ADJ
casual,ADJ
someth,ADJ
great,ADJ
much,ADJ
heartbeat,ADJ
rich,ADJ
recent,ADJ
right,ADJ
new,ADJ
public,ADJ
great,ADJ
isol,ADJ
nearest,ADJ
close,ADJ
includ,ADJ
modern,ADJ
modern,ADJ
great,ADJ
great,ADJ
good,ADJ
first,ADJ
good,ADJ
excel,ADJ
wide,ADJ
hot,ADJ
cold,ADJ
good,ADJ
stronger,ADJ
great,ADJ
best,ADJ
great,ADJ
wide,ADJ
weird,ADJ
usual,ADJ
high,ADJ
bad,ADJ
major,ADJ
great,ADJ
servic,ADJ
rememb,ADJ
qualiti,ADJ
great,ADJ
top,ADJ
recent,ADJ
total,ADJ
back,ADJ
nice,ADJ
front,ADJ
high,ADJ
special,ADJ
surreal,ADJ
atmospher,ADJ
great,ADJ
small,ADJ
clean,ADJ
clearli,ADJ
entri,ADJ
enough,ADJ
great,ADJ
huge,ADJ
cold,ADJ
huge,ADJ
regular,ADJ
quiet,ADJ
good,ADJ
close,ADJ
central,ADJ
quick,ADJ
corinthia,ADJ
great,ADJ
better,ADJ
friendlier,ADJ
full,ADJ
full,ADJ
ideal,ADJ
clean,ADJ
high,ADJ
standard,ADJ
pleasant,ADJ
big,ADJ
great,ADJ
select,ADJ
popular,ADJ
overal,ADJ
good,ADJ
victorian,ADJ
great,ADJ
close,ADJ
nice,ADJ
best,ADJ
alic,ADJ
great,ADJ
extra,ADJ
special,ADJ
super,ADJ
good,ADJ
modern,ADJ
good,ADJ
present,ADJ
tasteless,ADJ
servic,ADJ
warm,ADJ
central,ADJ
popular,ADJ
famou,ADJ
hous,ADJ
short,ADJ
nice,ADJ
sure,ADJ
special,ADJ
perfect,ADJ
pure,ADJ
huge,ADJ
biggest,ADJ
modern,ADJ
servic,ADJ
helpful,ADJ
rude,ADJ
perfect,ADJ
lifelong,ADJ
true,ADJ
foward,ADJ
next,ADJ
much,ADJ
mondrian,ADJ
last,ADJ
spare,ADJ
long,ADJ
minor,ADJ
invoic,ADJ
last,ADJ
fantast,ADJ
great,ADJ
clean,ADJ
fast,ADJ
cold,ADJ
hot,ADJ
comput,ADJ
small,ADJ
peopl,ADJ
front,ADJ
everi,ADJ
singl,ADJ
middl,ADJ
hot,ADJ
high,ADJ
asleep,ADJ
difficult,ADJ
nice,ADJ
obvious,ADJ
someth,ADJ
usual,ADJ
next,ADJ
perfect,ADJ
best,ADJ
qualiti,ADJ
brilliant,ADJ
small,ADJ
huge,ADJ
cold,ADJ
includ,ADJ
corinthia,ADJ
corinthia,ADJ
corinthia,ADJ
genuin,ADJ
warm,ADJ
cordial,ADJ
top,ADJ
usher,ADJ
alway,ADJ
occupi,ADJ
usual,ADJ
fourth,ADJ
sure,ADJ
vast,ADJ
equal,ADJ
tropic,ADJ
fresh,ADJ
difficult,ADJ
high,ADJ
probabl,ADJ
northal,ADJ
morn,ADJ
hot,ADJ
immedi,ADJ
clear,ADJ
qualiti,ADJ
underst,ADJ
far,ADJ
somewher,ADJ
special,ADJ
worth,ADJ
everi,ADJ
short,ADJ
perfect,ADJ
servic,ADJ
impecc,ADJ
nice,ADJ
sure,ADJ
servic,ADJ
next,ADJ
experi,ADJ
second,ADJ
toiletri,ADJ
soft,ADJ
live,ADJ
straight,ADJ
great,ADJ
miss,ADJ
full,ADJ
advantag,ADJ
best,ADJ
normal,ADJ
dorchest,ADJ
dorchest,ADJ
chintz,ADJ
larger,ADJ
dorchest,ADJ
full,ADJ
small,ADJ
dorchest,ADJ
modern,ADJ
smaller,ADJ
special,ADJ
famili,ADJ
hard,ADJ
perfect,ADJ
tabl,ADJ
servic,ADJ
huge,ADJ
usual,ADJ
live,ADJ
someth,ADJ
small,ADJ
fresh,ADJ
next,ADJ
other,ADJ
pleasant,ADJ
front,ADJ
royalti,ADJ
brief,ADJ
guid,ADJ
super,ADJ
nice,ADJ
open,ADJ
experi,ADJ
recent,ADJ
preferenti,ADJ
first,ADJ
small,ADJ
good,ADJ
good,ADJ
free,ADJ
free,ADJ
countri,ADJ
free,ADJ
great,ADJ
clean,ADJ
great,ADJ
offic,ADJ
main,ADJ
smart,ADJ
quick,ADJ
good,ADJ
great,ADJ
select,ADJ
true,ADJ
better,ADJ
mondrian,ADJ
right,ADJ
wrong,ADJ
special,ADJ
next,ADJ
surreal,ADJ
right,ADJ
finest,ADJ
dorchest,ADJ
nice,ADJ
recogn,ADJ
best,ADJ
warm,ADJ
stellar,ADJ
sure,ADJ
easi,ADJ
underground,ADJ
good,ADJ
particularli,ADJ
full,ADJ
recept,ADJ
great,ADJ
servic,ADJ
good,ADJ
good,ADJ
coffe,ADJ
choic,ADJ
free,ADJ
longer,ADJ
free,ADJ
first,ADJ
servic,ADJ
circumst,ADJ
proud,ADJ
extra,ADJ
servic,ADJ
everi,ADJ
best,ADJ
proud,ADJ
present,ADJ
unexpect,ADJ
servic,ADJ
morn,ADJ
great,ADJ
great,ADJ
experi,ADJ
better,ADJ
new,ADJ
normal,ADJ
servic,ADJ
second,ADJ
great,ADJ
special,ADJ
good,ADJ
last,ADJ
alway,ADJ
clear,ADJ
perfect,ADJ
clean,ADJ
victorian,ADJ
everi,ADJ
old,ADJ
small,ADJ
alacr,ADJ
lavish,ADJ
old,ADJ
countri,ADJ
punctual,ADJ
right,ADJ
someth,ADJ
live,ADJ
quiet,ADJ
main,ADJ
last,ADJ
recent,ADJ
extra,ADJ
special,ADJ
incred,ADJ
nois,ADJ
great,ADJ
full,ADJ
english,ADJ
basic,ADJ
good,ADJ
great,ADJ
perfect,ADJ
choic,ADJ
real,ADJ
right,ADJ
biggest,ADJ
high,ADJ
small,ADJ
real,ADJ
cheaper,ADJ
nice,ADJ
corinthia,ADJ
enough,ADJ
sever,ADJ
sure,ADJ
long,ADJ
perfect,ADJ
big,ADJ
better,ADJ
smoother,ADJ
well,ADJ
great,ADJ
servic,ADJ
swift,ADJ
latest,ADJ
delight,ADJ
great,ADJ
great,ADJ
celebr,ADJ
good,ADJ
great,ADJ
good,ADJ
spent,ADJ
live,ADJ
best,ADJ
first,ADJ
great,ADJ
public,ADJ
short,ADJ
prior,ADJ
big,ADJ
calm,ADJ
quiet,ADJ
escap,ADJ
big,ADJ
big,ADJ
advantag,ADJ
whole,ADJ
pleasant,ADJ
new,ADJ
roseberi,ADJ
fifth,ADJ
extra,ADJ
great,ADJ
corinthia,ADJ
next,ADJ
pricey,ADJ
worth,ADJ
enough,ADJ
great,ADJ
huge,ADJ
cold,ADJ
huge,ADJ
regular,ADJ
quiet,ADJ
good,ADJ
close,ADJ
central,ADJ
quick,ADJ
corinthia,ADJ
good,ADJ
present,ADJ
good,ADJ
standard,ADJ
twin,ADJ
right,ADJ
first,ADJ
much,ADJ
free,ADJ
central,ADJ
closer,ADJ
quick,ADJ
key,ADJ
free,ADJ
mini,ADJ
decent,ADJ
central,ADJ
huge,ADJ
wet,ADJ
welcom,ADJ
cryptic,ADJ
coffe,ADJ
crisp,ADJ
sweet,ADJ
includ,ADJ
last,ADJ
good,ADJ
actual,ADJ
good,ADJ
next,ADJ
usual,ADJ
great,ADJ
usual,ADJ
technic,ADJ
brilliant,ADJ
special,ADJ
edwardian,ADJ
actual,ADJ
sure,ADJ
upgrad,ADJ
nice,ADJ
minor,ADJ
close,ADJ
open,ADJ
actual,ADJ
appl,ADJ
nice,ADJ
nice,ADJ
selfservic,ADJ
select,ADJ
special,ADJ
small,ADJ
perfect,ADJ
servic,ADJ
top,ADJ
extend,ADJ
servic,ADJ
special,ADJ
local,ADJ
twice,ADJ
sure,ADJ
much,ADJ
new,ADJ
great,ADJ
free,ADJ
free,ADJ
morn,ADJ
morn,ADJ
rememb,ADJ
sure,ADJ
someth,ADJ
special,ADJ
last,ADJ
great,ADJ
final,ADJ
front,ADJ
higher,ADJ
normal,ADJ
grand,ADJ
charact,ADJ
perfect,ADJ
close,ADJ
sever,ADJ
close,ADJ
red,ADJ
close,ADJ
final,ADJ
lowest,ADJ
actual,ADJ
enabl,ADJ
bright,ADJ
light,ADJ
rare,ADJ
fine,ADJ
dorchest,ADJ
classicli,ADJ
old,ADJ
warm,ADJ
celebr,ADJ
old,ADJ
great,ADJ
servic,ADJ
great,ADJ
worth,ADJ
sleepth,ADJ
dorchest,ADJ
servic,ADJ
great,ADJ
good,ADJ
enough,ADJ
qualiti,ADJ
high,ADJ
d,ADJ
good,ADJ
delux,ADJ
indulg,ADJ
know,ADJ
ducass,ADJ
last,ADJ
next,ADJ
clean,ADJ
clean,ADJ
vegetarian,ADJ
english,ADJ
northern,ADJ
central,ADJ
nearest,ADJ
northern,ADJ
clean,ADJ
nice,ADJ
nice,ADJ
rich,ADJ
nice,ADJ
sure,ADJ
special,ADJ
first,ADJ
second,ADJ
nice,ADJ
small,ADJ
true,ADJ
everi,ADJ
great,ADJ
next,ADJ
petal,ADJ
celebr,ADJ
pastri,ADJ
brilliant,ADJ
least,ADJ
clean,ADJ
quiet,ADJ
nicer,ADJ
soft,ADJ
nice,ADJ
long,ADJ
right,ADJ
servic,ADJ
best,ADJ
great,ADJ
great,ADJ
full,ADJ
great,ADJ
central,ADJ
riversid,ADJ
tabl,ADJ
everi,ADJ
kid,ADJ
clean,ADJ
super,ADJ
best,ADJ
apart,ADJ
singl,ADJ
special,ADJ
notic,ADJ
yannick,ADJ
last,ADJ
great,ADJ
close,ADJ
fantast,ADJ
small,ADJ
less,ADJ
local,ADJ
laundrett,ADJ
free,ADJ
great,ADJ
bigger,ADJ
famili,ADJ
great,ADJ
rememb,ADJ
clean,ADJ
alway,ADJ
best,ADJ
best,ADJ
dorchest,ADJ
difficult,ADJ
hot,ADJ
late,ADJ
best,ADJ
gerard,ADJ
great,ADJ
sever,ADJ
impecc,ADJ
servic,ADJ
perfect,ADJ
perfect,ADJ
clean,ADJ
great,ADJ
much,ADJ
mondrian,ADJ
standard,ADJ
wet,ADJ
huge,ADJ
practic,ADJ
normal,ADJ
high,ADJ
good,ADJ
warm,ADJ
hot,ADJ
difficult,ADJ
great,ADJ
hous,ADJ
uniform,ADJ
blue,ADJ
equal,ADJ
good,ADJ
clean,ADJ
corridor,ADJ
usual,ADJ
good,ADJ
discret,ADJ
resent,ADJ
indign,ADJ
usual,ADJ
good,ADJ
third,ADJ
great,ADJ
best,ADJ
next,ADJ
great,ADJ
dorchest,ADJ
good,ADJ
best,ADJ
young,ADJ
dorchest,ADJ
bad,ADJ
new,ADJ
whole,ADJ
good,ADJ
nearli,ADJ
everi,ADJ
true,ADJ
other,ADJ
clean,ADJ
clean,ADJ
warm,ADJ
small,ADJ
firstborn,ADJ
priceless,ADJ
major,ADJ
short,ADJ
long,ADJ
biggest,ADJ
new,ADJ
laundri,ADJ
priceless,ADJ
servic,ADJ
possibl,ADJ
small,ADJ
much,ADJ
net,ADJ
good,ADJ
advic,ADJ
main,ADJ
safe,ADJ
sick,ADJ
bad,ADJ
clean,ADJ
safe,ADJ
best,ADJ
small,ADJ
singl,ADJ
first,ADJ
giant,ADJ
open,ADJ
back,ADJ
nice,ADJ
great,ADJ
real,ADJ
constant,ADJ
longer,ADJ
hous,ADJ
enough,ADJ
good,ADJ
celebr,ADJ
live,ADJ
second,ADJ
cocoon,ADJ
first,ADJ
hustl,ADJ
enough,ADJ
delux,ADJ
recent,ADJ
extra,ADJ
smooth,ADJ
painless,ADJ
good,ADJ
good,ADJ
whole,ADJ
quiet,ADJ
short,ADJ
present,ADJ
excel,ADJ
main,ADJ
nice,ADJ
black,ADJ
good,ADJ
light,ADJ
great,ADJ
tub,ADJ
tub,ADJ
huge,ADJ
whole,ADJ
cheap,ADJ
free,ADJ
extra,ADJ
regular,ADJ
free,ADJ
pringl,ADJ
galaxi,ADJ
hot,ADJ
whole,ADJ
theatr,ADJ
great,ADJ
overal,ADJ
secret,ADJ
escap,ADJ
giant,ADJ
special,ADJ
anniversari,ADJ
much,ADJ
servic,ADJ
second,ADJ
frequent,ADJ
last,ADJ
first,ADJ
choic,ADJ
first,ADJ
nice,ADJ
quiet,ADJ
better,ADJ
outstand,ADJ
top,ADJ
unreal,ADJ
perfect,ADJ
safe,ADJ
best,ADJ
best,ADJ
fresh,ADJ
top,ADJ
genuin,ADJ
best,ADJ
great,ADJ
huge,ADJ
singl,ADJ
top,ADJ
great,ADJ
great,ADJ
english,ADJ
right,ADJ
quiet,ADJ
nice,ADJ
enough,ADJ
small,ADJ
open,ADJ
true,ADJ
smallish,ADJ
less,ADJ
clean,ADJ
fresh,ADJ
small,ADJ
modern,ADJ
pleasant,ADJ
main,ADJ
tri,ADJ
select,ADJ
much,ADJ
decent,ADJ
good,ADJ
standard,ADJ
nice,ADJ
short,ADJ
young,ADJ
insid,ADJ
ill,ADJ
open,ADJ
total,ADJ
last,ADJ
nice,ADJ
much,ADJ
ill,ADJ
actual,ADJ
much,ADJ
warm,ADJ
sure,ADJ
easi,ADJ
quiet,ADJ
late,ADJ
free,ADJ
actual,ADJ
wonderful,ADJ
higher,ADJ
big,ADJ
wonderful,ADJ
standard,ADJ
wonderful,ADJ
second,ADJ
public,ADJ
nice,ADJ
stupid,ADJ
amaz,ADJ
special,ADJ
past,ADJ
big,ADJ
warm,ADJ
next,ADJ
kindest,ADJ
great,ADJ
central,ADJ
everi,ADJ
first,ADJ
twin,ADJ
recept,ADJ
small,ADJ
clean,ADJ
gigant,ADJ
top,ADJ
singl,ADJ
obvious,ADJ
right,ADJ
front,ADJ
good,ADJ
firsthand,ADJ
special,ADJ
last,ADJ
next,ADJ
great,ADJ
welcom,ADJ
main,ADJ
junior,ADJ
footbal,ADJ
wantedth,ADJ
servic,ADJ
good,ADJ
real,ADJ
smooth,ADJ
servic,ADJ
enough,ADJ
celebr,ADJ
actual,ADJ
th,ADJ
thermal,ADJ
free,ADJ
nice,ADJ
long,ADJ
dorchest,ADJ
execut,ADJ
unexpect,ADJ
much,ADJ
anniversari,ADJ
dorchest,ADJ
special,ADJ
extra,ADJ
special,ADJ
open,ADJ
wide,ADJ
silent,ADJ
old,ADJ
british,ADJ
full,ADJ
nice,ADJ
grill,ADJ
fine,ADJ
servic,ADJ
perfect,ADJ
recent,ADJ
special,ADJ
special,ADJ
smooth,ADJ
suitew,ADJ
much,ADJ
troubleat,ADJ
eas,ADJ
high,ADJ
standard,ADJ
pastri,ADJ
fine,ADJ
common,ADJ
folkbut,ADJ
worth,ADJ
recal,ADJ
high,ADJ
impecc,ADJ
highest,ADJ
best,ADJ
classi,ADJ
special,ADJ
big,ADJ
big,ADJ
thou,ADJ
servic,ADJ
good,ADJ
best,ADJ
good,ADJ
obvious,ADJ
hous,ADJ
fine,ADJ
best,ADJ
great,ADJ
small,ADJ
corridor,ADJ
fussi,ADJ
delight,ADJ
nice,ADJ
longer,ADJ
min,ADJ
much,ADJ
nice,ADJ
best,ADJ
nice,ADJ
toiletri,ADJ
black,ADJ
super,ADJ
fortun,ADJ
old,ADJ
second,ADJ
next,ADJ
upscal,ADJ
servic,ADJ
plush,ADJ
intric,ADJ
european,ADJ
perfect,ADJ
similar,ADJ
much,ADJ
includ,ADJ
good,ADJ
vibrant,ADJ
next,ADJ
particular,ADJ
great,ADJ
sloan,ADJ
next,ADJ
big,ADJ
nice,ADJ
high,ADJ
faultless,ADJ
notic,ADJ
great,ADJ
advic,ADJ
sever,ADJ
arrang,ADJ
extra,ADJ
special,ADJ
willing,ADJ
entir,ADJ
quick,ADJ
extra,ADJ
faultless,ADJ
great,ADJ
standard,ADJ
corinthia,ADJ
sever,ADJ
constant,ADJ
great,ADJ
overal,ADJ
perfect,ADJ
everi,ADJ
spectacular,ADJ
much,ADJ
venu,ADJ
special,ADJ
best,ADJ
special,ADJ
enough,ADJ
qualiti,ADJ
servic,ADJ
d,ADJ
present,ADJ
actual,ADJ
special,ADJ
enough,ADJ
genuin,ADJ
guilti,ADJ
occupi,ADJ
sometim,ADJ
junior,ADJ
royalti,ADJ
short,ADJ
forev,ADJ
worth,ADJ
everi,ADJ
everi,ADJ
next,ADJ
royalti,ADJ
great,ADJ
special,ADJ
fortun,ADJ
enough,ADJ
great,ADJ
main,ADJ
good,ADJ
incred,ADJ
special,ADJ
celebr,ADJ
downal,ADJ
real,ADJ
quiet,ADJ
uc,ADJ
great,ADJ
great,ADJ
great,ADJ
true,ADJ
close,ADJ
perfect,ADJ
latest,ADJ
last,ADJ
quiet,ADJ
largest,ADJ
far,ADJ
closest,ADJ
good,ADJ
experi,ADJ
superior,ADJ
nice,ADJ
pleasant,ADJ
treat,ADJ
special,ADJ
normal,ADJ
stark,ADJ
cleverli,ADJ
last,ADJ
warm,ADJ
next,ADJ
morn,ADJ
someth,ADJ
nice,ADJ
recent,ADJ
corinthia,ADJ
great,ADJ
nice,ADJ
good,ADJ
great,ADJ
super,ADJ
special,ADJ
royalti,ADJ
everi,ADJ
alway,ADJ
arrang,ADJ
everi,ADJ
perfect,ADJ
welcom,ADJ
great,ADJ
enough,ADJ
countri,ADJ
recent,ADJ
good,ADJ
great,ADJ
real,ADJ
good,ADJ
rare,ADJ
swim,ADJ
warm,ADJ
mondrian,ADJ
celebr,ADJ
nice,ADJ
hard,ADJ
actual,ADJ
small,ADJ
nice,ADJ
thank,ADJ
everi,ADJ
memor,ADJ
hard,ADJ
interior,ADJ
servic,ADJ
regular,ADJ
refresh,ADJ
minor,ADJ
faulti,ADJ
actual,ADJ
wrong,ADJ
wrong,ADJ
real,ADJ
worth,ADJ
summari,ADJ
great,ADJ
central,ADJ
servic,ADJ
right,ADJ
choic,ADJ
much,ADJ
chocol,ADJ
good,ADJ
enough,ADJ
sure,ADJ
worri,ADJ
quiet,ADJ
overlook,ADJ
special,ADJ
everi,ADJ
princess,ADJ
rememb,ADJ
right,ADJ
next,ADJ
special,ADJ
new,ADJ
basic,ADJ
best,ADJ
consid,ADJ
special,ADJ
incred,ADJ
servic,ADJ
nice,ADJ
casual,ADJ
sure,ADJ
refresh,ADJ
corinthia,ADJ
past,ADJ
best,ADJ
better,ADJ
first,ADJ
corinthia,ADJ
brilliant,ADJ
corinthia,ADJ
better,ADJ
accid,ADJ
great,ADJ
great,ADJ
much,ADJ
great,ADJ
great,ADJ
free,ADJ
straight,ADJ
usual,ADJ
good,ADJ
rich,ADJ
special,ADJ
royal,ADJ
everi,ADJ
warm,ADJ
next,ADJ
special,ADJ
next,ADJ
mondrian,ADJ
overnight,ADJ
central,ADJ
great,ADJ
brilliant,ADJ
next,ADJ
altern,ADJ
great,ADJ
posh,ADJ
proper,ADJ
wee,ADJ
quiet,ADJ
pricey,ADJ
safe,ADJ
second,ADJ
best,ADJ
hous,ADJ
poor,ADJ
substitut,ADJ
much,ADJ
junior,ADJ
anniversari,ADJ
huge,ADJ
advantag,ADJ
casual,ADJ
formal,ADJ
old,ADJ
front,ADJ
top,ADJ
nicest,ADJ
quiet,ADJ
free,ADJ
free,ADJ
nice,ADJ
petal,ADJ
nice,ADJ
big,ADJ
free,ADJ
third,ADJ
good,ADJ
live,ADJ
central,ADJ
great,ADJ
atmospher,ADJ
first,ADJ
finest,ADJ
incred,ADJ
perfect,ADJ
nice,ADJ
modern,ADJ
free,ADJ
mondrian,ADJ
better,ADJ
revolv,ADJ
welcom,ADJ
best,ADJ
present,ADJ
worth,ADJ
next,ADJ
morn,ADJ
everi,ADJ
special,ADJ
small,ADJ
close,ADJ
includ,ADJ
good,ADJ
choic,ADJ
sever,ADJ
best,ADJ
warm,ADJ
standard,ADJ
good,ADJ
main,ADJ
warm,ADJ
much,ADJ
great,ADJ
full,ADJ
english,ADJ
extra,ADJ
thank,ADJ
central,ADJ
upscal,ADJ
quiet,ADJ
new,ADJ
good,ADJ
enough,ADJ
special,ADJ
last,ADJ
southwark,ADJ
next,ADJ
nice,ADJ
good,ADJ
basic,ADJ
fine,ADJ
perfect,ADJ
everi,ADJ
hous,ADJ
full,ADJ
featur,ADJ
worth,ADJ
everi,ADJ
best,ADJ
cheaper,ADJ
worth,ADJ
extra,ADJ
great,ADJ
octob,ADJ
half,ADJ
first,ADJ
front,ADJ
good,ADJ
great,ADJ
right,ADJ
less,ADJ
corinthia,ADJ
last,ADJ
much,ADJ
better,ADJ
last,ADJ
top,ADJ
actual,ADJ
less,ADJ
delux,ADJ
perfect,ADJ
last,ADJ
northal,ADJ
easiest,ADJ
perfect,ADJ
much,ADJ
local,ADJ
front,ADJ
great,ADJ
advic,ADJ
servic,ADJ
close,ADJ
handicap,ADJ
barrestaur,ADJ
enough,ADJ
right,ADJ
front,ADJ
close,ADJ
underground,ADJ
corinthia,ADJ
best,ADJ
modern,ADJ
old,ADJ
great,ADJ
readi,ADJ
morn,ADJ
small,ADJ
probabl,ADJ
best,ADJ
right,ADJ
good,ADJ
bad,ADJ
great,ADJ
free,ADJ
constant,ADJ
great,ADJ
perfum,ADJ
strong,ADJ
fresh,ADJ
corinthia,ADJ
strong,ADJ
clean,ADJ
quiet,ADJ
great,ADJ
anniversari,ADJ
best,ADJ
extra,ADJ
special,ADJ
neg,ADJ
sort,ADJ
high,ADJ
qualiti,ADJ
special,ADJ
clean,ADJ
nice,ADJ
warm,ADJ
temperatur,ADJ
third,ADJ
short,ADJ
worth,ADJ
choic,ADJ
close,ADJ
great,ADJ
great,ADJ
central,ADJ
great,ADJ
great,ADJ
second,ADJ
superior,ADJ
last,ADJ
last,ADJ
due,ADJ
late,ADJ
short,ADJ
free,ADJ
stark,ADJ
seamless,ADJ
underst,ADJ
hot,ADJ
exact,ADJ
standard,ADJ
singl,ADJ
small,ADJ
thick,ADJ
black,ADJ
blind,ADJ
silent,ADJ
soundproof,ADJ
qualiti,ADJ
homefromhom,ADJ
cold,ADJ
next,ADJ
spend,ADJ
good,ADJ
choic,ADJ
next,ADJ
great,ADJ
experi,ADJ
easi,ADJ
long,ADJ
soft,ADJ
trueli,ADJ
fresh,ADJ
good,ADJ
worth,ADJ
tri,ADJ
first,ADJ
great,ADJ
ideal,ADJ
experi,ADJ
great,ADJ
good,ADJ
right,ADJ
central,ADJ
royalti,ADJ
enough,ADJ
worth,ADJ
better,ADJ
better,ADJ
perfect,ADJ
huge,ADJ
proud,ADJ
top,ADJ
modern,ADJ
good,ADJ
servic,ADJ
good,ADJ
perfect,ADJ
old,ADJ
bigger,ADJ
small,ADJ
present,ADJ
clean,ADJ
long,ADJ
asleep,ADJ
due,ADJ
next,ADJ
morn,ADJ
larger,ADJ
bigger,ADJ
new,ADJ
bigger,ADJ
guest,ADJ
great,ADJ
best,ADJ
second,ADJ
perfect,ADJ
best,ADJ
easter,ADJ
final,ADJ
next,ADJ
brilliant,ADJ
brilliant,ADJ
nice,ADJ
much,ADJ
full,ADJ
great,ADJ
top,ADJ
perfect,ADJ
much,ADJ
polit,ADJ
black,ADJ
dangl,ADJ
posh,ADJ
small,ADJ
civil,ADJ
ceremoni,ADJ
butler,ADJ
enough,ADJ
magic,ADJ
incred,ADJ
short,ADJ
underground,ADJ
quiet,ADJ
close,ADJ
open,ADJ
quiet,ADJ
free,ADJ
full,ADJ
english,ADJ
great,ADJ
sure,ADJ
perfect,ADJ
servic,ADJ
good,ADJ
modern,ADJ
chic,ADJ
celebr,ADJ
everi,ADJ
great,ADJ
servic,ADJ
mondrian,ADJ
twin,ADJ
close,ADJ
upgrad,ADJ
morn,ADJ
easi,ADJ
local,ADJ
usual,ADJ
servic,ADJ
top,ADJ
servic,ADJ
close,ADJ
prior,ADJ
mini,ADJ
entir,ADJ
experi,ADJ
superior,ADJ
perfect,ADJ
everi,ADJ
servic,ADJ
high,ADJ
next,ADJ
new,ADJ
least,ADJ
central,ADJ
incred,ADJ
great,ADJ
main,ADJ
central,ADJ
someth,ADJ
special,ADJ
special,ADJ
cheap,ADJ
worth,ADJ
everi,ADJ
clean,ADJ
tidi,ADJ
select,ADJ
main,ADJ
modern,ADJ
great,ADJ
mini,ADJ
new,ADJ
new,ADJ
mondrian,ADJ
least,ADJ
visual,ADJ
spectacular,ADJ
top,ADJ
best,ADJ
front,ADJ
great,ADJ
servic,ADJ
experi,ADJ
easi,ADJ
long,ADJ
soft,ADJ
trueli,ADJ
fresh,ADJ
good,ADJ
worth,ADJ
tri,ADJ
first,ADJ
great,ADJ
ideal,ADJ
experi,ADJ
third,ADJ
everi,ADJ
last,ADJ
great,ADJ
next,ADJ
good,ADJ
sick,ADJ
incred,ADJ
good,ADJ
tast,ADJ
discret,ADJ
worth,ADJ
small,ADJ
big,ADJ
great,ADJ
hot,ADJ
choic,ADJ
great,ADJ
great,ADJ
rembrandt,ADJ
super,ADJ
super,ADJ
great,ADJ
perfect,ADJ
pricey,ADJ
actual,ADJ
great,ADJ
choic,ADJ
best,ADJ
flashi,ADJ
better,ADJ
next,ADJ
good,ADJ
open,ADJ
qualiti,ADJ
notic,ADJ
common,ADJ
clean,ADJ
decent,ADJ
fit,ADJ
open,ADJ
regular,ADJ
dorchest,ADJ
amp,ADJ
penthous,ADJ
amaz,ADJ
best,ADJ
grill,ADJ
best,ADJ
tri,ADJ
main,ADJ
petal,ADJ
next,ADJ
biggest,ADJ
anoth,ADJ
dorchest,ADJ
special,ADJ
special,ADJ
last,ADJ
much,ADJ
usual,ADJ
young,ADJ
execut,ADJ
seper,ADJ
standard,ADJ
arrang,ADJ
later,ADJ
everi,ADJ
italian,ADJ
nice,ADJ
polit,ADJ
best,ADJ
full,ADJ
quiet,ADJ
sever,ADJ
huge,ADJ
easi,ADJ
great,ADJ
big,ADJ
light,ADJ
premium,ADJ
excel,ADJ
much,ADJ
old,ADJ
next,ADJ
great,ADJ
ritzi,ADJ
high,ADJ
close,ADJ
underground,ADJ
last,ADJ
slightest,ADJ
polit,ADJ
unwel,ADJ
special,ADJ
earlier,ADJ
last,ADJ
modern,ADJ
much,ADJ
victorian,ADJ
prior,ADJ
later,ADJ
minor,ADJ
welcom,ADJ
first,ADJ
special,ADJ
dorchest,ADJ
servic,ADJ
special,ADJ
super,ADJ
short,ADJ
great,ADJ
regular,ADJ
countless,ADJ
live,ADJ
priceless,ADJ
impecc,ADJ
servic,ADJ
overal,ADJ
special,ADJ
octob,ADJ
half,ADJ
first,ADJ
front,ADJ
good,ADJ
great,ADJ
right,ADJ
less,ADJ
celebr,ADJ
youngest,ADJ
eldest,ADJ
much,ADJ
coffe,ADJ
next,ADJ
spectacular,ADJ
modern,ADJ
great,ADJ
blackfriar,ADJ
first,ADJ
memor,ADJ
pleasant,ADJ
right,ADJ
close,ADJ
includ,ADJ
classic,ADJ
modern,ADJ
great,ADJ
much,ADJ
worth,ADJ
long,ADJ
worth,ADJ
half,ADJ
small,ADJ
cool,ADJ
whole,ADJ
miss,ADJ
perfect,ADJ
everi,ADJ
nice,ADJ
small,ADJ
close,ADJ
great,ADJ
best,ADJ
much,ADJ
particular,ADJ
good,ADJ
advic,ADJ
good,ADJ
big,ADJ
anniversari,ADJ
special,ADJ
nice,ADJ
greedi,ADJ
straight,ADJ
huge,ADJ
morn,ADJ
old,ADJ
longerrol,ADJ
next,ADJ
big,ADJ
perfect,ADJ
cordial,ADJ
good,ADJ
choic,ADJ
first,ADJ
nice,ADJ
modern,ADJ
huge,ADJ
big,ADJ
nice,ADJ
special,ADJ
standard,ADJ
twin,ADJ
small,ADJ
perfectli,ADJ
extra,ADJ
clean,ADJ
great,ADJ
good,ADJ
small,ADJ
easi,ADJ
perfect,ADJ
next,ADJ
mondrian,ADJ
mondrian,ADJ
everi,ADJ
blackfriar,ADJ
modern,ADJ
direct,ADJ
close,ADJ
somewher,ADJ
enough,ADJ
outsid,ADJ
main,ADJ
heavi,ADJ
direct,ADJ
great,ADJ
good,ADJ
good,ADJ
good,ADJ
difficult,ADJ
good,ADJ
celebr,ADJ
great,ADJ
wrong,ADJ
rememb,ADJ
famili,ADJ
sure,ADJ
kind,ADJ
enough,ADJ
small,ADJ
great,ADJ
amaz,ADJ
enough,ADJ
front,ADJ
much,ADJ
better,ADJ
octob,ADJ
mondrian,ADJ
best,ADJ
perfect,ADJ
good,ADJ
safe,ADJ
solo,ADJ
overnight,ADJ
familiar,ADJ
experi,ADJ
rememb,ADJ
young,ADJ
much,ADJ
special,ADJ
front,ADJ
sure,ADJ
nice,ADJ
smart,ADJ
junior,ADJ
great,ADJ
great,ADJ
better,ADJ
formal,ADJ
classi,ADJ
fave,ADJ
first,ADJ
great,ADJ
close,ADJ
theatr,ADJ
interior,ADJ
impecc,ADJ
modern,ADJ
high,ADJ
perfect,ADJ
light,ADJ
modern,ADJ
urban,ADJ
instal,ADJ
modern,ADJ
steakhous,ADJ
steakhous,ADJ
urban,ADJ
true,ADJ
everi,ADJ
brilliant,ADJ
brilliant,ADJ
servic,ADJ
latter,ADJ
similar,ADJ
last,ADJ
good,ADJ
servic,ADJ
special,ADJ
good,ADJ
enough,ADJ
clean,ADJ
nice,ADJ
close,ADJ
quiet,ADJ
right,ADJ
close,ADJ
cheaper,ADJ
close,ADJ
groceri,ADJ
croissant,ADJ
good,ADJ
quiet,ADJ
everi,ADJ
incred,ADJ
small,ADJ
quiet,ADJ
short,ADJ
direct,ADJ
servic,ADJ
major,ADJ
full,ADJ
first,ADJ
satisfi,ADJ
big,ADJ
special,ADJ
straight,ADJ
standard,ADJ
huge,ADJ
hard,ADJ
special,ADJ
next,ADJ
much,ADJ
close,ADJ
tabl,ADJ
present,ADJ
huge,ADJ
choic,ADJ
main,ADJ
fine,ADJ
meateat,ADJ
much,ADJ
great,ADJ
romant,ADJ
twice,ADJ
last,ADJ
morn,ADJ
good,ADJ
special,ADJ
worth,ADJ
great,ADJ
select,ADJ
actual,ADJ
choic,ADJ
great,ADJ
old,ADJ
sweet,ADJ
posh,ADJ
crisp,ADJ
present,ADJ
clear,ADJ
extra,ADJ
apart,ADJ
somewher,ADJ
special,ADJ
great,ADJ
left,ADJ
best,ADJ
delux,ADJ
junior,ADJ
small,ADJ
sound,ADJ
great,ADJ
quiet,ADJ
servic,ADJ
impecc,ADJ
minor,ADJ
quick,ADJ
great,ADJ
great,ADJ
great,ADJ
close,ADJ
nice,ADJ
smallish,ADJ
standard,ADJ
big,ADJ
great,ADJ
ill,ADJ
fresh,ADJ
fresh,ADJ
nice,ADJ
perfect,ADJ
central,ADJ
great,ADJ
nice,ADJ
servic,ADJ
rememb,ADJ
modern,ADJ
nice,ADJ
select,ADJ
local,ADJ
great,ADJ
bulgarian,ADJ
rememb,ADJ
concierg,ADJ
great,ADJ
standard,ADJ
great,ADJ
great,ADJ
worth,ADJ
conveni,ADJ
good,ADJ
great,ADJ
everi,ADJ
good,ADJ
good,ADJ
second,ADJ
last,ADJ
new,ADJ
immedi,ADJ
short,ADJ
major,ADJ
larger,ADJ
anniversari,ADJ
impecc,ADJ
everi,ADJ
linger,ADJ
twice,ADJ
servicenic,ADJ
present,ADJ
difficult,ADJ
worth,ADJ
present,ADJ
pleasant,ADJ
cheap,ADJ
enough,ADJ
presid,ADJ
central,ADJ
eustonk,ADJ
basic,ADJ
enough,ADJ
enough,ADJ
fine,ADJ
vacant,ADJ
great,ADJ
free,ADJ
main,ADJ
fair,ADJ
round,ADJ
late,ADJ
mondrian,ADJ
mondrian,ADJ
super,ADJ
special,ADJ
entir,ADJ
fizz,ADJ
warm,ADJ
particular,ADJ
great,ADJ
spectacular,ADJ
new,ADJ
corinthia,ADJ
great,ADJ
big,ADJ
great,ADJ
tri,ADJ
due,ADJ
last,ADJ
insid,ADJ
anytim,ADJ
next,ADJ
great,ADJ
great,ADJ
attract,ADJ
stylish,ADJ
yummi,ADJ
select,ADJ
good,ADJ
experi,ADJ
special,ADJ
great,ADJ
big,ADJ
celebr,ADJ
prior,ADJ
extra,ADJ
special,ADJ
free,ADJ
voucher,ADJ
much,ADJ
obvious,ADJ
special,ADJ
dorchest,ADJ
easter,ADJ
enough,ADJ
probabl,ADJ
especi,ADJ
cheap,ADJ
similar,ADJ
top,ADJ
atmospher,ADJ
huge,ADJ
good,ADJ
close,ADJ
best,ADJ
good,ADJ
good,ADJ
coffe,ADJ
best,ADJ
first,ADJ
interior,ADJ
basic,ADJ
light,ADJ
huge,ADJ
usual,ADJ
high,ADJ
dandelyan,ADJ
former,ADJ
huge,ADJ
great,ADJ
alway,ADJ
sure,ADJ
good,ADJ
everi,ADJ
first,ADJ
qualiti,ADJ
equal,ADJ
mean,ADJ
cordial,ADJ
upgrad,ADJ
huge,ADJ
nice,ADJ
luxuri,ADJ
great,ADJ
low,ADJ
servic,ADJ
standard,ADJ
servic,ADJ
close,ADJ
great,ADJ
full,ADJ
mid,ADJ
total,ADJ
light,ADJ
someth,ADJ
long,ADJ
choic,ADJ
hot,ADJ
everi,ADJ
far,ADJ
recent,ADJ
spent,ADJ
underground,ADJ
pleasant,ADJ
english,ADJ
pleasant,ADJ
old,ADJ
comput,ADJ
nice,ADJ
perfect,ADJ
larger,ADJ
better,ADJ
full,ADJ
english,ADJ
great,ADJ
incred,ADJ
servic,ADJ
sure,ADJ
select,ADJ
right,ADJ
mondrian,ADJ
close,ADJ
modern,ADJ
great,ADJ
super,ADJ
modern,ADJ
everi,ADJ
mondrian,ADJ
includ,ADJ
back,ADJ
surreal,ADJ
best,ADJ
newer,ADJ
impecc,ADJ
afraid,ADJ
much,ADJ
rememb,ADJ
much,ADJ
hottest,ADJ
cool,ADJ
calm,ADJ
present,ADJ
pastri,ADJ
worth,ADJ
recent,ADJ
perfect,ADJ
live,ADJ
worth,ADJ
great,ADJ
full,ADJ
english,ADJ
basic,ADJ
good,ADJ
public,ADJ
keen,ADJ
much,ADJ
good,ADJ
standard,ADJ
pricey,ADJ
cheap,ADJ
top,ADJ
fortun,ADJ
best,ADJ
best,ADJ
blackfriar,ADJ
quiet,ADJ
plush,ADJ
quietli,ADJ
bad,ADJ
experi,ADJ
basic,ADJ
clean,ADJ
basic,ADJ
clean,ADJ
big,ADJ
fine,ADJ
quit,ADJ
alway,ADJ
free,ADJ
whole,ADJ
english,ADJ
great,ADJ
grand,ADJ
old,ADJ
modern,ADJ
free,ADJ
much,ADJ
somewher,ADJ
special,ADJ
thatn,ADJ
fantast,ADJ
servic,ADJ
present,ADJ
speical,ADJ
worth,ADJ
great,ADJ
great,ADJ
servic,ADJ
luxuri,ADJ
qualiti,ADJ
brilliant,ADJ
dear,ADJ
good,ADJ
servic,ADJ
first,ADJ
special,ADJ
corinthia,ADJ
perfect,ADJ
smooth,ADJ
major,ADJ
right,ADJ
underground,ADJ
saver,ADJ
nice,ADJ
cold,ADJ
warm,ADJ
free,ADJ
next,ADJ
perfect,ADJ
recommend,ADJ
big,ADJ
first,ADJ
good,ADJ
special,ADJ
leav,ADJ
similar,ADJ
first,ADJ
free,ADJ
total,ADJ
bad,ADJ
next,ADJ
tri,ADJ
right,ADJ
renown,ADJ
closest,ADJ
fine,ADJ
physic,ADJ
present,ADJ
corinthia,ADJ
faultless,ADJ
notic,ADJ
great,ADJ
advic,ADJ
sever,ADJ
arrang,ADJ
extra,ADJ
special,ADJ
willing,ADJ
entir,ADJ
quick,ADJ
extra,ADJ
faultless,ADJ
great,ADJ
standard,ADJ
corinthia,ADJ
sever,ADJ
constant,ADJ
great,ADJ
overal,ADJ
perfect,ADJ
second,ADJ
least,ADJ
twin,ADJ
extra,ADJ
qualiti,ADJ
good,ADJ
nice,ADJ
total,ADJ
second,ADJ
perfect,ADJ
thank,ADJ
sure,ADJ
perfect,ADJ
balconi,ADJ
third,ADJ
quiet,ADJ
usual,ADJ
toiletri,ADJ
huge,ADJ
th,ADJ
special,ADJ
dorchest,ADJ
best,ADJ
great,ADJ
enough,ADJ
great,ADJ
special,ADJ
front,ADJ
open,ADJ
nice,ADJ
nice,ADJ
big,ADJ
deep,ADJ
big,ADJ
readi,ADJ
big,ADJ
best,ADJ
extra,ADJ
special,ADJ
biggest,ADJ
best,ADJ
great,ADJ
best,ADJ
romant,ADJ
mini,ADJ
super,ADJ
best,ADJ
long,ADJ
small,ADJ
corinthia,ADJ
finest,ADJ
great,ADJ
best,ADJ
servic,ADJ
modern,ADJ
classic,ADJ
right,ADJ
fine,ADJ
splendid,ADJ
perfect,ADJ
great,ADJ
bigger,ADJ
best,ADJ
good,ADJ
nice,ADJ
good,ADJ
nice,ADJ
good,ADJ
romant,ADJ
sever,ADJ
overal,ADJ
present,ADJ
next,ADJ
main,ADJ
italian,ADJ
free,ADJ
thank,ADJ
pleasant,ADJ
second,ADJ
final,ADJ
decid,ADJ
small,ADJ
great,ADJ
youngish,ADJ
old,ADJ
perfect,ADJ
light,ADJ
usual,ADJ
extra,ADJ
servic,ADJ
close,ADJ
normal,ADJ
flat,ADJ
perfect,ADJ
right,ADJ
middl,ADJ
lancast,ADJ
tube,ADJ
front,ADJ
usual,ADJ
advic,ADJ
everi,ADJ
everi,ADJ
great,ADJ
great,ADJ
great,ADJ
best,ADJ
servic,ADJ
new,ADJ
overal,ADJ
underst,ADJ
sleek,ADJ
riversid,ADJ
quick,ADJ
whole,ADJ
special,ADJ
incred,ADJ
royalti,ADJ
last,ADJ
best,ADJ
nice,ADJ
perfect,ADJ
everi,ADJ
small,ADJ
fresh,ADJ
chocol,ADJ
indulg,ADJ
huge,ADJ
english,ADJ
delight,ADJ
servic,ADJ
new,ADJ
first,ADJ
wise,ADJ
great,ADJ
servic,ADJ
eager,ADJ
servic,ADJ
qualiti,ADJ
great,ADJ
choic,ADJ
english,ADJ
small,ADJ
great,ADJ
close,ADJ
great,ADJ
mondrian,ADJ
brilliant,ADJ
absolut,ADJ
hous,ADJ
thier,ADJ
new,ADJ
normal,ADJ
kind,ADJ
great,ADJ
modern,ADJ
huge,ADJ
recent,ADJ
loud,ADJ
worth,ADJ
front,ADJ
offic,ADJ
regal,ADJ
next,ADJ
hous,ADJ
big,ADJ
tear,ADJ
special,ADJ
special,ADJ
accross,ADJ
top,ADJ
best,ADJ
everi,ADJ
great,ADJ
spectacular,ADJ
servic,ADJ
brilliant,ADJ
cleaner,ADJ
best,ADJ
good,ADJ
best,ADJ
best,ADJ
theatr,ADJ
classic,ADJ
best,ADJ
great,ADJ
servic,ADJ
live,ADJ
everi,ADJ
windedi,ADJ
illustri,ADJ
great,ADJ
best,ADJ
sick,ADJ
left,ADJ
offic,ADJ
incred,ADJ
servic,ADJ
experi,ADJ
great,ADJ
prior,ADJ
nice,ADJ
casual,ADJ
underpin,ADJ
high,ADJ
qualiti,ADJ
gripe,ADJ
great,ADJ
improv,ADJ
servic,ADJ
nice,ADJ
modern,ADJ
nice,ADJ
servic,ADJ
great,ADJ
stretch,ADJ
unreal,ADJ
live,ADJ
last,ADJ
big,ADJ
stark,ADJ
seamless,ADJ
underst,ADJ
hot,ADJ
exact,ADJ
standard,ADJ
singl,ADJ
small,ADJ
thick,ADJ
black,ADJ
blind,ADJ
silent,ADJ
soundproof,ADJ
qualiti,ADJ
homefromhom,ADJ
cold,ADJ
next,ADJ
experi,ADJ
close,ADJ
due,ADJ
stationeri,ADJ
red,ADJ
cognac,ADJ
ideal,ADJ
major,ADJ
small,ADJ
neg,ADJ
last,ADJ
good,ADJ
close,ADJ
good,ADJ
third,ADJ
servic,ADJ
clean,ADJ
warm,ADJ
full,ADJ
english,ADJ
great,ADJ
advic,ADJ
sure,ADJ
best,ADJ
great,ADJ
servic,ADJ
much,ADJ
big,ADJ
everi,ADJ
brown,ADJ
edwardian,ADJ
countri,ADJ
hous,ADJ
best,ADJ
front,ADJ
close,ADJ
rear,ADJ
asian,ADJ
present,ADJ
highest,ADJ
standard,ADJ
first,ADJ
dine,ADJ
recent,ADJ
impecc,ADJ
everi,ADJ
special,ADJ
servic,ADJ
impecc,ADJ
high,ADJ
servic,ADJ
clean,ADJ
great,ADJ
usual,ADJ
weird,ADJ
carveri,ADJ
wide,ADJ
good,ADJ
nice,ADJ
small,ADJ
rememb,ADJ
next,ADJ
old,ADJ
free,ADJ
great,ADJ
experi,ADJ
whole,ADJ
nautic,ADJ
high,ADJ
highest,ADJ
standard,ADJ
full,ADJ
great,ADJ
select,ADJ
countri,ADJ
adapt,ADJ
golden,ADJ
less,ADJ
superior,ADJ
alloc,ADJ
front,ADJ
good,ADJ
highest,ADJ
arrang,ADJ
young,ADJ
servic,ADJ
young,ADJ
huge,ADJ
clean,ADJ
enough,ADJ
cleaner,ADJ
enough,ADJ
great,ADJ
singl,ADJ
small,ADJ
overlook,ADJ
huge,ADJ
smaller,ADJ
wond,ADJ
hidden,ADJ
secret,ADJ
best,ADJ
penthous,ADJ
outdoor,ADJ
everi,ADJ
great,ADJ
genuin,ADJ
endless,ADJ
ideal,ADJ
celebr,ADJ
real,ADJ
longer,ADJ
total,ADJ
normal,ADJ
worth,ADJ
cool,ADJ
worth,ADJ
twice,ADJ
less,ADJ
practic,ADJ
clean,ADJ
nice,ADJ
best,ADJ
servic,ADJ
notic,ADJ
normal,ADJ
small,ADJ
small,ADJ
honest,ADJ
huge,ADJ
stylish,ADJ
nice,ADJ
obvious,ADJ
perfect,ADJ
januari,ADJ
bigger,ADJ
normal,ADJ
shower,ADJ
clean,ADJ
best,ADJ
good,ADJ
italian,ADJ
highest,ADJ
standard,ADJ
top,ADJ
next,ADJ
morn,ADJ
good,ADJ
perfect,ADJ
joint,ADJ
anniversari,ADJ
junior,ADJ
short,ADJ
right,ADJ
great,ADJ
compact,ADJ
good,ADJ
peerless,ADJ
servic,ADJ
everi,ADJ
long,ADJ
finest,ADJ
small,ADJ
clean,ADJ
clean,ADJ
new,ADJ
top,ADJ
nice,ADJ
free,ADJ
soft,ADJ
free,ADJ
nice,ADJ
special,ADJ
popular,ADJ
basic,ADJ
enough,ADJ
nice,ADJ
clean,ADJ
obvious,ADJ
partial,ADJ
nice,ADJ
cheap,ADJ
hassl,ADJ
somewher,ADJ
overenthral,ADJ
choic,ADJ
stuck,ADJ
present,ADJ
next,ADJ
morn,ADJ
full,ADJ
english,ADJ
fine,ADJ
recent,ADJ
multi,ADJ
last,ADJ
nice,ADJ
public,ADJ
upgrad,ADJ
junior,ADJ
great,ADJ
decent,ADJ
live,ADJ
great,ADJ
big,ADJ
comfi,ADJ
great,ADJ
anniversari,ADJ
huge,ADJ
clean,ADJ
servic,ADJ
nice,ADJ
sever,ADJ
corinthia,ADJ
nice,ADJ
advantag,ADJ
nice,ADJ
arrang,ADJ
great,ADJ
modern,ADJ
underground,ADJ
obvious,ADJ
enough,ADJ
someth,ADJ
swift,ADJ
easi,ADJ
pleasant,ADJ
dark,ADJ
strong,ADJ
pastri,ADJ
delight,ADJ
fresh,ADJ
pancak,ADJ
clean,ADJ
particular,ADJ
good,ADJ
intersect,ADJ
closer,ADJ
nice,ADJ
past,ADJ
celebr,ADJ
sure,ADJ
fine,ADJ
highest,ADJ
standard,ADJ
servic,ADJ
great,ADJ
local,ADJ
high,ADJ
clean,ADJ
leav,ADJ
unus,ADJ
great,ADJ
first,ADJ
februari,ADJ
new,ADJ
nice,ADJ
nice,ADJ
free,ADJ
huge,ADJ
big,ADJ
flat,ADJ
nice,ADJ
everi,ADJ
peopl,ADJ
difficult,ADJ
enough,ADJ
first,ADJ
nice,ADJ
close,ADJ
next,ADJ
celebr,ADJ
long,ADJ
servic,ADJ
great,ADJ
nicer,ADJ
good,ADJ
clean,ADJ
good,ADJ
great,ADJ
good,ADJ
close,ADJ
great,ADJ
choic,ADJ
long,ADJ
gracious,ADJ
incred,ADJ
nice,ADJ
greatest,ADJ
suitabl,ADJ
pleasant,ADJ
nice,ADJ
modern,ADJ
nice,ADJ
servic,ADJ
great,ADJ
stretch,ADJ
unreal,ADJ
second,ADJ
perfect,ADJ
best,ADJ
real,ADJ
incred,ADJ
great,ADJ
tabl,ADJ
best,ADJ
brilliant,ADJ
burgundi,ADJ
decent,ADJ
last,ADJ
incred,ADJ
abl,ADJ
next,ADJ
special,ADJ
servic,ADJ
great,ADJ
great,ADJ
great,ADJ
easi,ADJ
close,ADJ
better,ADJ
incred,ADJ
experi,ADJ
incred,ADJ
sleek,ADJ
clean,ADJ
famili,ADJ
small,ADJ
bare,ADJ
central,ADJ
great,ADJ
local,ADJ
voucher,ADJ
celebr,ADJ
joint,ADJ
special,ADJ
live,ADJ
huge,ADJ
neg,ADJ
clean,ADJ
modern,ADJ
special,ADJ
impecc,ADJ
servic,ADJ
clean,ADJ
mondrian,ADJ
best,ADJ
servic,ADJ
impecc,ADJ
adject,ADJ
special,ADJ
midweek,ADJ
seamless,ADJ
best,ADJ
everi,ADJ
sure,ADJ
shane,ADJ
much,ADJ
great,ADJ
last,ADJ
nice,ADJ
warm,ADJ
incred,ADJ
invit,ADJ
everi,ADJ
readi,ADJ
morn,ADJ
extra,ADJ
late,ADJ
top,ADJ
perfect,ADJ
current,ADJ
close,ADJ
sixth,ADJ
formal,ADJ
better,ADJ
rememb,ADJ
specif,ADJ
ornament,ADJ
small,ADJ
terrac,ADJ
perfect,ADJ
clean,ADJ
odd,ADJ
fresh,ADJ
light,ADJ
select,ADJ
fresh,ADJ
usual,ADJ
morn,ADJ
new,ADJ
actual,ADJ
hot,ADJ
full,ADJ
english,ADJ
fresh,ADJ
hot,ADJ
coffe,ADJ
pastri,ADJ
present,ADJ
alway,ADJ
main,ADJ
right,ADJ
actual,ADJ
best,ADJ
halibut,ADJ
big,ADJ
skil,ADJ
fine,ADJ
true,ADJ
genuin,ADJ
servic,ADJ
hard,ADJ
final,ADJ
long,ADJ
great,ADJ
certain,ADJ
everi,ADJ
everybodi,ADJ
everi,ADJ
good,ADJ
great,ADJ
great,ADJ
dorchest,ADJ
english,ADJ
fair,ADJ
offic,ADJ
main,ADJ
smart,ADJ
quick,ADJ
good,ADJ
great,ADJ
select,ADJ
true,ADJ
better,ADJ
mondrian,ADJ
top,ADJ
qualiti,ADJ
perfect,ADJ
classic,ADJ
twin,ADJ
fourth,ADJ
good,ADJ
clean,ADJ
tub,ADJ
present,ADJ
corinthia,ADJ
nice,ADJ
consid,ADJ
interior,ADJ
round,ADJ
nice,ADJ
superior,ADJ
big,ADJ
good,ADJ
isol,ADJ
nice,ADJ
candi,ADJ
sweet,ADJ
good,ADJ
choic,ADJ
fresh,ADJ
fresh,ADJ
great,ADJ
interior,ADJ
everi,ADJ
last,ADJ
everi,ADJ
incred,ADJ
brilliant,ADJ
last,ADJ
enough,ADJ
first,ADJ
servic,ADJ
upgrad,ADJ
cold,ADJ
quiet,ADJ
discoveri,ADJ
incred,ADJ
central,ADJ
big,ADJ
clean,ADJ
nice,ADJ
next,ADJ
much,ADJ
compact,ADJ
much,ADJ
royalti,ADJ
prior,ADJ
tabl,ADJ
ducass,ADJ
good,ADJ
subject,ADJ
higher,ADJ
free,ADJ
flat,ADJ
good,ADJ
best,ADJ
huge,ADJ
nice,ADJ
ducass,ADJ
full,ADJ
servic,ADJ
cheap,ADJ
overal,ADJ
dorchest,ADJ
dorchest,ADJ
earli,ADJ
quiet,ADJ
clean,ADJ
incred,ADJ
blackfriar,ADJ
good,ADJ
unknown,ADJ
actual,ADJ
blackfriar,ADJ
servic,ADJ
impecc,ADJ
special,ADJ
rememb,ADJ
much,ADJ
full,ADJ
light,ADJ
alic,ADJ
good,ADJ
quick,ADJ
new,ADJ
superior,ADJ
great,ADJ
particular,ADJ
extra,ADJ
special,ADJ
petal,ADJ
ill,ADJ
extra,ADJ
live,ADJ
free,ADJ
full,ADJ
great,ADJ
close,ADJ
sever,ADJ
great,ADJ
execut,ADJ
corinthia,ADJ
first,ADJ
neg,ADJ
long,ADJ
new,ADJ
first,ADJ
nice,ADJ
huge,ADJ
huge,ADJ
best,ADJ
first,ADJ
close,ADJ
plastic,ADJ
good,ADJ
honest,ADJ
present,ADJ
italian,ADJ
nice,ADJ
italian,ADJ
celebr,ADJ
great,ADJ
pleasant,ADJ
full,ADJ
english,ADJ
free,ADJ
small,ADJ
dorchest,ADJ
real,ADJ
twice,ADJ
great,ADJ
select,ADJ
great,ADJ
servic,ADJ
live,ADJ
old,ADJ
somewher,ADJ
great,ADJ
huge,ADJ
clean,ADJ
good,ADJ
overal,ADJ
qualiti,ADJ
high,ADJ
low,ADJ
much,ADJ
great,ADJ
corinthia,ADJ
sure,ADJ
major,ADJ
small,ADJ
rememb,ADJ
usual,ADJ
stupid,ADJ
small,ADJ
guilti,ADJ
free,ADJ
special,ADJ
great,ADJ
straight,ADJ
great,ADJ
miss,ADJ
full,ADJ
advantag,ADJ
next,ADJ
ate,ADJ
good,ADJ
small,ADJ
whole,ADJ
british,ADJ
twice,ADJ
real,ADJ
overal,ADJ
new,ADJ
brash,ADJ
stylish,ADJ
togeth,ADJ
enough,ADJ
incred,ADJ
best,ADJ
servic,ADJ
incred,ADJ
next,ADJ
total,ADJ
anniversari,ADJ
whole,ADJ
whole,ADJ
dissapoint,ADJ
theatr,ADJ
main,ADJ
differ,ADJ
whole,ADJ
experi,ADJ
last,ADJ
whole,ADJ
everi,ADJ
special,ADJ
better,ADJ
sheer,ADJ
high,ADJ
other,ADJ
servic,ADJ
best,ADJ
thermal,ADJ
second,ADJ
perfect,ADJ
everi,ADJ
clean,ADJ
great,ADJ
last,ADJ
great,ADJ
enough,ADJ
better,ADJ
great,ADJ
great,ADJ
dorchest,ADJ
modern,ADJ
casual,ADJ
great,ADJ
spectacular,ADJ
better,ADJ
worth,ADJ
open,ADJ
central,ADJ
good,ADJ
less,ADJ
least,ADJ
usual,ADJ
outsid,ADJ
main,ADJ
real,ADJ
delight,ADJ
next,ADJ
safe,ADJ
free,ADJ
good,ADJ
good,ADJ
old,ADJ
bookingcom,ADJ
full,ADJ
english,ADJ
luggag,ADJ
next,ADJ
tri,ADJ
swim,ADJ
difficult,ADJ
nice,ADJ
safe,ADJ
earlier,ADJ
pure,ADJ
luxuri,ADJ
ideal,ADJ
west,ADJ
pure,ADJ
small,ADJ
choic,ADJ
lighter,ADJ
starter,ADJ
sole,ADJ
ideal,ADJ
real,ADJ
good,ADJ
selfservic,ADJ
select,ADJ
much,ADJ
clean,ADJ
safe,ADJ
best,ADJ
close,ADJ
great,ADJ
spetacular,ADJ
nice,ADJ
good,ADJ
includ,ADJ
special,ADJ
full,ADJ
english,ADJ
short,ADJ
specif,ADJ
attend,ADJ
new,ADJ
perfect,ADJ
overal,ADJ
perfect,ADJ
servic,ADJ
rude,ADJ
rais,ADJ
late,ADJ
duti,ADJ
next,ADJ
apologyto,ADJ
honest,ADJ
servic,ADJ
good,ADJ
major,ADJ
servic,ADJ
fair,ADJ
particular,ADJ
better,ADJ
ideal,ADJ
everi,ADJ
real,ADJ
ideal,ADJ
elemi,ADJ
free,ADJ
free,ADJ
tri,ADJ
special,ADJ
overal,ADJ
next,ADJ
best,ADJ
close,ADJ
overal,ADJ
perfect,ADJ
standard,ADJ
better,ADJ
hoteli,ADJ
mid,ADJ
far,ADJ
open,ADJ
cool,ADJ
cool,ADJ
full,ADJ
english,ADJ
close,ADJ
short,ADJ
hot,ADJ
close,ADJ
enough,ADJ
superior,ADJ
exterior,ADJ
top,ADJ
qualiti,ADJ
earlier,ADJ
perfect,ADJ
best,ADJ
old,ADJ
super,ADJ
nice,ADJ
quiet,ADJ
nice,ADJ
grand,ADJ
nice,ADJ
nice,ADJ
nicest,ADJ
great,ADJ
great,ADJ
special,ADJ
good,ADJ
overal,ADJ
great,ADJ
experi,ADJ
mingl,ADJ
invidi,ADJ
shred,ADJ
top,ADJ
excess,ADJ
second,ADJ
next,ADJ
luxuri,ADJ
new,ADJ
equal,ADJ
nice,ADJ
good,ADJ
nice,ADJ
nice,ADJ
best,ADJ
highest,ADJ
standard,ADJ
hous,ADJ
long,ADJ
islandsbi,ADJ
long,ADJ
martini,ADJ
clear,ADJ
grill,ADJ
quiet,ADJ
best,ADJ
french,ADJ
good,ADJ
hous,ADJ
enough,ADJ
short,ADJ
eggveri,ADJ
good,ADJ
back,ADJ
much,ADJ
sure,ADJ
advantag,ADJ
adventur,ADJ
basic,ADJ
fine,ADJ
overal,ADJ
first,ADJ
great,ADJ
least,ADJ
servic,ADJ
nice,ADJ
andor,ADJ
other,ADJ
underground,ADJ
express,ADJ
fast,ADJ
rembrandt,ADJ
someth,ADJ
open,ADJ
experi,ADJ
great,ADJ
nautic,ADJ
nice,ADJ
great,ADJ
overal,ADJ
perfect,ADJ
softest,ADJ
warm,ADJ
light,ADJ
pastri,ADJ
sever,ADJ
pastri,ADJ
top,ADJ
young,ADJ
grand,ADJ
classic,ADJ
top,ADJ
tabl,ADJ
best,ADJ
next,ADJ
clean,ADJ
less,ADJ
nice,ADJ
recept,ADJ
clean,ADJ
basic,ADJ
clean,ADJ
small,ADJ
modern,ADJ
great,ADJ
great,ADJ
super,ADJ
good,ADJ
mini,ADJ
choic,ADJ
choic,ADJ
short,ADJ
enough,ADJ
modern,ADJ
royal,ADJ
hous,ADJ
great,ADJ
big,ADJ
real,ADJ
servic,ADJ
top,ADJ
round,ADJ
great,ADJ
best,ADJ
short,ADJ
pure,ADJ
luxuri,ADJ
difficult,ADJ
top,ADJ
right,ADJ
cold,ADJ
first,ADJ
morn,ADJ
second,ADJ
small,ADJ
hard,ADJ
warm,ADJ
full,ADJ
english,ADJ
british,ADJ
great,ADJ
corinthia,ADJ
central,ADJ
underground,ADJ
great,ADJ
probabl,ADJ
best,ADJ
warm,ADJ
spectacular,ADJ
best,ADJ
pricey,ADJ
free,ADJ
high,ADJ
famili,ADJ
big,ADJ
last,ADJ
perfect,ADJ
begin,ADJ
endless,ADJ
special,ADJ
excellentservic,ADJ
next,ADJ
clientel,ADJ
exclus,ADJ
select,ADJ
cognac,ADJ
best,ADJ
nice,ADJ
total,ADJ
exclus,ADJ
poorli,ADJ
odd,ADJ
special,ADJ
much,ADJ
classi,ADJ
huge,ADJ
latest,ADJ
sure,ADJ
somewher,ADJ
exclus,ADJ
overnight,ADJ
first,ADJ
standard,ADJ
warm,ADJ
soft,ADJ
unfortun,ADJ
ill,ADJ
allinal,ADJ
modern,ADJ
appoint,ADJ
great,ADJ
clean,ADJ
fresh,ADJ
toiletri,ADJ
soft,ADJ
furnish,ADJ
wet,ADJ
top,ADJ
close,ADJ
obvious,ADJ
slightli,ADJ
ducass,ADJ
delux,ADJ
warm,ADJ
fast,ADJ
huge,ADJ
second,ADJ
modern,ADJ
swim,ADJ
decent,ADJ
fresh,ADJ
great,ADJ
close,ADJ
servic,ADJ
high,ADJ
light,ADJ
direct,ADJ
american,ADJ
current,ADJ
strong,ADJ
larger,ADJ
highest,ADJ
qualiti,ADJ
standard,ADJ
super,ADJ
worth,ADJ
corinthia,ADJ
first,ADJ
morn,ADJ
fresh,ADJ
normal,ADJ
huge,ADJ
perfect,ADJ
direct,ADJ
good,ADJ
high,ADJ
hous,ADJ
full,ADJ
extra,ADJ
partial,ADJ
neg,ADJ
terribl,ADJ
direct,ADJ
good,ADJ
overal,ADJ
nice,ADJ
twin,ADJ
super,ADJ
pleasant,ADJ
nice,ADJ
classic,ADJ
british,ADJ
steep,ADJ
formal,ADJ
impecc,ADJ
servic,ADJ
adorn,ADJ
quiet,ADJ
well,ADJ
special,ADJ
nice,ADJ
best,ADJ
upscal,ADJ
perfect,ADJ
least,ADJ
new,ADJ
perfect,ADJ
free,ADJ
underst,ADJ
willing,ADJ
greater,ADJ
warmli,ADJ
clean,ADJ
great,ADJ
nice,ADJ
quiet,ADJ
tri,ADJ
brilliant,ADJ
great,ADJ
starter,ADJ
big,ADJ
decid,ADJ
top,ADJ
pamper,ADJ
good,ADJ
impecc,ADJ
servic,ADJ
specif,ADJ
great,ADJ
best,ADJ
worth,ADJ
special,ADJ
special,ADJ
memor,ADJ
easi,ADJ
german,ADJ
special,ADJ
grill,ADJ
great,ADJ
chocol,ADJ
long,ADJ
enough,ADJ
great,ADJ
servic,ADJ
servic,ADJ
anoth,ADJ
nice,ADJ
servic,ADJ
dorchest,ADJ
old,ADJ
whole,ADJ
great,ADJ
everythingit,ADJ
high,ADJ
much,ADJ
whole,ADJ
servic,ADJ
extra,ADJ
probabl,ADJ
impecc,ADJ
safe,ADJ
safe,ADJ
full,ADJ
facilit,ADJ
prompt,ADJ
great,ADJ
tast,ADJ
best,ADJ
someth,ADJ
new,ADJ
fresh,ADJ
great,ADJ
brief,ADJ
quiet,ADJ
top,ADJ
warm,ADJ
worth,ADJ
clean,ADJ
warm,ADJ
good,ADJ
choic,ADJ
vast,ADJ
regular,ADJ
free,ADJ
last,ADJ
celebr,ADJ
futur,ADJ
great,ADJ
clean,ADJ
servic,ADJ
good,ADJ
high,ADJ
wise,ADJ
worth,ADJ
everi,ADJ
corinthia,ADJ
first,ADJ
late,ADJ
eager,ADJ
qualiti,ADJ
fittingsfresh,ADJ
much,ADJ
quiet,ADJ
perfect,ADJ
perfect,ADJ
everi,ADJ
bad,ADJ
fine,ADJ
dorchest,ADJ
sever,ADJ
lanesborough,ADJ
standard,ADJ
usual,ADJ
late,ADJ
fine,ADJ
good,ADJ
nice,ADJ
experi,ADJ
usual,ADJ
manag,ADJ
accolad,ADJ
due,ADJ
other,ADJ
doubt,ADJ
good,ADJ
modern,ADJ
quick,ADJ
big,ADJ
standard,ADJ
clever,ADJ
whole,ADJ
good,ADJ
much,ADJ
fantast,ADJ
special,ADJ
modern,ADJ
much,ADJ
ideal,ADJ
good,ADJ
great,ADJ
easi,ADJ
due,ADJ
actual,ADJ
fresh,ADJ
worth,ADJ
great,ADJ
yummi,ADJ
old,ADJ
worth,ADJ
european,ADJ
next,ADJ
nice,ADJ
big,ADJ
local,ADJ
flat,ADJ
brilliant,ADJ
stylish,ADJ
enough,ADJ
tabl,ADJ
main,ADJ
impecc,ADJ
dingl,ADJ
great,ADJ
second,ADJ
best,ADJ
rememb,ADJ
theatr,ADJ
live,ADJ
great,ADJ
atmospher,ADJ
forev,ADJ
underground,ADJ
short,ADJ
last,ADJ
hot,ADJ
due,ADJ
open,ADJ
neg,ADJ
central,ADJ
clean,ADJ
suffic,ADJ
last,ADJ
least,ADJ
great,ADJ
great,ADJ
pre,ADJ
worth,ADJ
recent,ADJ
long,ADJ
mid,ADJ
young,ADJ
second,ADJ
extra,ADJ
nice,ADJ
deep,ADJ
high,ADJ
qualiti,ADJ
central,ADJ
smaller,ADJ
huge,ADJ
sure,ADJ
first,ADJ
fresh,ADJ
best,ADJ
best,ADJ
everi,ADJ
full,ADJ
old,ADJ
ahead,ADJ
least,ADJ
corinthia,ADJ
best,ADJ
good,ADJ
sick,ADJ
incred,ADJ
good,ADJ
tast,ADJ
discret,ADJ
worth,ADJ
everi,ADJ
old,ADJ
enough,ADJ
huge,ADJ
second,ADJ
huge,ADJ
entri,ADJ
fresh,ADJ
serious,ADJ
local,ADJ
enough,ADJ
perfect,ADJ
long,ADJ
servic,ADJ
servic,ADJ
free,ADJ
nice,ADJ
big,ADJ
flat,ADJ
quiet,ADJ
great,ADJ
nice,ADJ
modern,ADJ
good,ADJ
first,ADJ
servic,ADJ
perfect,ADJ
advic,ADJ
grand,ADJ
other,ADJ
cool,ADJ
great,ADJ
great,ADJ
incred,ADJ
famili,ADJ
nice,ADJ
good,ADJ
pakistani,ADJ
next,ADJ
nice,ADJ
overal,ADJ
great,ADJ
pleasant,ADJ
clean,ADJ
young,ADJ
perfect,ADJ
perfect,ADJ
next,ADJ
great,ADJ
good,ADJ
servic,ADJ
great,ADJ
perfect,ADJ
worth,ADJ
everi,ADJ
good,ADJ
local,ADJ
poorer,ADJ
decent,ADJ
clean,ADJ
great,ADJ
great,ADJ
round,ADJ
clean,ADJ
great,ADJ
good,ADJ
overal,ADJ
modern,ADJ
standard,ADJ
select,ADJ
dear,ADJ
big,ADJ
good,ADJ
good,ADJ
small,ADJ
blackfriar,ADJ
notic,ADJ
main,ADJ
servic,ADJ
big,ADJ
easi,ADJ
high,ADJ
everi,ADJ
high,ADJ
qualiti,ADJ
refresh,ADJ
great,ADJ
great,ADJ
fine,ADJ
brasseri,ADJ
great,ADJ
modern,ADJ
famou,ADJ
right,ADJ
free,ADJ
main,ADJ
attract,ADJ
late,ADJ
total,ADJ
fine,ADJ
top,ADJ
special,ADJ
good,ADJ
select,ADJ
experi,ADJ
standard,ADJ
best,ADJ
experienc,ADJ
short,ADJ
whole,ADJ
shard,ADJ
magic,ADJ
fast,ADJ
last,ADJ
non,ADJ
great,ADJ
best,ADJ
celebr,ADJ
much,ADJ
luke,ADJ
faultless,ADJ
great,ADJ
experi,ADJ
worth,ADJ
small,ADJ
small,ADJ
english,ADJ
light,ADJ
wide,ADJ
super,ADJ
great,ADJ
good,ADJ
smooth,ADJ
distint,ADJ
good,ADJ
quiet,ADJ
pale,ADJ
yellow,ADJ
tonesth,ADJ
central,ADJ
outsid,ADJ
faultless,ADJ
incred,ADJ
wide,ADJ
individu,ADJ
old,ADJ
twice,ADJ
pax,ADJ
top,ADJ
good,ADJ
mondrian,ADJ
special,ADJ
special,ADJ
special,ADJ
top,ADJ
nice,ADJ
best,ADJ
major,ADJ
second,ADJ
mondrian,ADJ
next,ADJ
invit,ADJ
next,ADJ
great,ADJ
quiet,ADJ
close,ADJ
enough,ADJ
next,ADJ
great,ADJ
full,ADJ
full,ADJ
trepid,ADJ
welcom,ADJ
usher,ADJ
recept,ADJ
best,ADJ
silent,ADJ
gadgetri,ADJ
free,ADJ
slow,ADJ
best,ADJ
spaqual,ADJ
toiletri,ADJ
great,ADJ
special,ADJ
last,ADJ
overal,ADJ
experi,ADJ
forev,ADJ
best,ADJ
honest,ADJ
first,ADJ
servic,ADJ
first,ADJ
best,ADJ
impecc,ADJ
justic,ADJ
novemb,ADJ
easiest,ADJ
next,ADJ
warm,ADJ
probabl,ADJ
cheapest,ADJ
upmost,ADJ
other,ADJ
twin,ADJ
longer,ADJ
short,ADJ
experi,ADJ
top,ADJ
brilliant,ADJ
experi,ADJ
next,ADJ
hustl,ADJ
brilliant,ADJ
easi,ADJ
coffe,ADJ
back,ADJ
last,ADJ
great,ADJ
extra,ADJ
special,ADJ
great,ADJ
qualiti,ADJ
earli,ADJ
servic,ADJ
best,ADJ
recommend,ADJ
perfect,ADJ
cool,ADJ
honest,ADJ
brilliant,ADJ
nice,ADJ
incred,ADJ
great,ADJ
good,ADJ
rare,ADJ
servic,ADJ
pricey,ADJ
good,ADJ
whole,ADJ
experi,ADJ
mondrian,ADJ
tryhard,ADJ
extra,ADJ
clientel,ADJ
exclus,ADJ
select,ADJ
cognac,ADJ
best,ADJ
nice,ADJ
total,ADJ
exclus,ADJ
poorli,ADJ
odd,ADJ
special,ADJ
much,ADJ
classi,ADJ
huge,ADJ
latest,ADJ
sure,ADJ
somewher,ADJ
exclus,ADJ
best,ADJ
choic,ADJ
nice,ADJ
everyti,ADJ
attitud,ADJ
last,ADJ
luxuri,ADJ
nice,ADJ
overnight,ADJ
nice,ADJ
notic,ADJ
front,ADJ
last,ADJ
recent,ADJ
top,ADJ
nice,ADJ
main,ADJ
small,ADJ
clean,ADJ
perfect,ADJ
fine,ADJ
big,ADJ
best,ADJ
good,ADJ
sure,ADJ
mute,ADJ
underst,ADJ
special,ADJ
free,ADJ
ness,ADJ
much,ADJ
choic,ADJ
worth,ADJ
everi,ADJ
whole,ADJ
special,ADJ
total,ADJ
earli,ADJ
junior,ADJ
brilliant,ADJ
first,ADJ
last,ADJ
special,ADJ
great,ADJ
good,ADJ
real,ADJ
great,ADJ
great,ADJ
close,ADJ
small,ADJ
wonderful,ADJ
servic,ADJ
perfect,ADJ
special,ADJ
apreci,ADJ
experi,ADJ
wonderful,ADJ
servic,ADJ
perfect,ADJ
special,ADJ
apreci,ADJ
experi,ADJ
free,ADJ
last,ADJ
memori,ADJ
long,ADJ
high,ADJ
everi,ADJ
servic,ADJ
first,ADJ
young,ADJ
anniversari,ADJ
special,ADJ
close,ADJ
sad,ADJ
famili,ADJ
special,ADJ
high,ADJ
standard,ADJ
great,ADJ
major,ADJ
next,ADJ
good,ADJ
whole,ADJ
experi,ADJ
dedic,ADJ
easier,ADJ
dedic,ADJ
someth,ADJ
decent,ADJ
biggest,ADJ
pleasant,ADJ
big,ADJ
small,ADJ
big,ADJ
enough,ADJ
central,ADJ
warm,ADJ
central,ADJ
popular,ADJ
famou,ADJ
hous,ADJ
short,ADJ
nice,ADJ
sure,ADJ
special,ADJ
riversid,ADJ
great,ADJ
good,ADJ
public,ADJ
cheap,ADJ
great,ADJ
close,ADJ
standard,ADJ
clean,ADJ
public,ADJ
broad,ADJ
luggag,ADJ
slow,ADJ
minor,ADJ
perfect,ADJ
best,ADJ
alway,ADJ
first,ADJ
experi,ADJ
first,ADJ
mystic,ADJ
nois,ADJ
choic,ADJ
honest,ADJ
worth,ADJ
big,ADJ
hous,ADJ
clean,ADJ
impecc,ADJ
spanish,ADJ
sure,ADJ
memor,ADJ
actual,ADJ
experi,ADJ
old,ADJ
right,ADJ
small,ADJ
perfect,ADJ
actual,ADJ
perfect,ADJ
push,ADJ
late,ADJ
better,ADJ
actual,ADJ
actual,ADJ
incred,ADJ
cool,ADJ
safe,ADJ
warm,ADJ
good,ADJ
perfect,ADJ
servic,ADJ
top,ADJ
top,ADJ
famili,ADJ
first,ADJ
warm,ADJ
small,ADJ
indoor,ADJ
late,ADJ
easi,ADJ
local,ADJ
later,ADJ
better,ADJ
pricey,ADJ
worth,ADJ
everi,ADJ
singl,ADJ
perfect,ADJ
least,ADJ
new,ADJ
perfect,ADJ
free,ADJ
great,ADJ
top,ADJ
rear,ADJ
nice,ADJ
quiet,ADJ
full,ADJ
good,ADJ
late,ADJ
much,ADJ
longer,ADJ
front,ADJ
great,ADJ
brilliant,ADJ
old,ADJ
nice,ADJ
whole,ADJ
ooz,ADJ
minor,ADJ
servic,ADJ
notic,ADJ
servic,ADJ
rude,ADJ
small,ADJ
least,ADJ
soft,ADJ
top,ADJ
perfect,ADJ
current,ADJ
close,ADJ
great,ADJ
nice,ADJ
best,ADJ
much,ADJ
superior,ADJ
latest,ADJ
young,ADJ
dorchest,ADJ
perfect,ADJ
local,ADJ
servic,ADJ
best,ADJ
everi,ADJ
servic,ADJ
leav,ADJ
celebr,ADJ
experi,ADJ
second,ADJ
possibl,ADJ
bigger,ADJ
good,ADJ
top,ADJ
right,ADJ
front,ADJ
good,ADJ
senior,ADJ
less,ADJ
perfect,ADJ
first,ADJ
servic,ADJ
direct,ADJ
non,ADJ
best,ADJ
much,ADJ
next,ADJ
floar,ADJ
good,ADJ
qualiti,ADJ
prefo,ADJ
good,ADJ
choic,ADJ
great,ADJ
servic,ADJ
great,ADJ
superior,ADJ
minimalist,ADJ
usual,ADJ
big,ADJ
smaller,ADJ
sit,ADJ
real,ADJ
open,ADJ
pleasant,ADJ
nice,ADJ
indian,ADJ
earli,ADJ
morn,ADJ
open,ADJ
morn,ADJ
bigger,ADJ
select,ADJ
servic,ADJ
darker,ADJ
larger,ADJ
select,ADJ
fond,ADJ
fri,ADJ
decent,ADJ
full,ADJ
english,ADJ
select,ADJ
hot,ADJ
clean,ADJ
best,ADJ
actual,ADJ
first,ADJ
back,ADJ
next,ADJ
least,ADJ
clean,ADJ
least,ADJ
direct,ADJ
best,ADJ
fair,ADJ
best,ADJ
small,ADJ
good,ADJ
tri,ADJ
morn,ADJ
due,ADJ
perfect,ADJ
famou,ADJ
indulg,ADJ
small,ADJ
small,ADJ
altern,ADJ
back,ADJ
next,ADJ
differ,ADJ
great,ADJ
classic,ADJ
arrang,ADJ
great,ADJ
modern,ADJ
good,ADJ
good,ADJ
clean,ADJ
choic,ADJ
close,ADJ
worth,ADJ
celebr,ADJ
fantast,ADJ
special,ADJ
much,ADJ
special,ADJ
rememb,ADJ
splendid,ADJ
singl,ADJ
top,ADJ
qualiti,ADJ
earli,ADJ
someth,ADJ
short,ADJ
extra,ADJ
sure,ADJ
second,ADJ
stylish,ADJ
perfect,ADJ
enough,ADJ
mondrian,ADJ
rememb,ADJ
first,ADJ
small,ADJ
much,ADJ
special,ADJ
everi,ADJ
special,ADJ
qualiti,ADJ
special,ADJ
nois,ADJ
special,ADJ
modern,ADJ
minor,ADJ
next,ADJ
next,ADJ
good,ADJ
pleasant,ADJ
best,ADJ
cool,ADJ
next,ADJ
enjoy,ADJ
modern,ADJ
pleasant,ADJ
good,ADJ
corinthia,ADJ
best,ADJ
best,ADJ
super,ADJ
extra,ADJ
perfect,ADJ
similar,ADJ
tapa,ADJ
unfortun,ADJ
hot,ADJ
old,ADJ
select,ADJ
select,ADJ
last,ADJ
larger,ADJ
groundless,ADJ
first,ADJ
modern,ADJ
servic,ADJ
prompt,ADJ
fresh,ADJ
notic,ADJ
fragrant,ADJ
recent,ADJ
best,ADJ
short,ADJ
blackfriar,ADJ
sure,ADJ
worth,ADJ
fortun,ADJ
enough,ADJ
celebr,ADJ
great,ADJ
edwardian,ADJ
welcom,ADJ
alloc,ADJ
flawless,ADJ
next,ADJ
special,ADJ
great,ADJ
clever,ADJ
perfectli,ADJ
clean,ADJ
safe,ADJ
central,ADJ
choic,ADJ
british,ADJ
central,ADJ
clean,ADJ
long,ADJ
great,ADJ
great,ADJ
special,ADJ
best,ADJ
difficult,ADJ
recent,ADJ
best,ADJ
grand,ADJ
junior,ADJ
good,ADJ
better,ADJ
set,ADJ
huge,ADJ
earli,ADJ
big,ADJ
overbear,ADJ
final,ADJ
good,ADJ
pastri,ADJ
fresh,ADJ
select,ADJ
long,ADJ
girli,ADJ
ideal,ADJ
lush,ADJ
snuggl,ADJ
full,ADJ
best,ADJ
worth,ADJ
someth,ADJ
best,ADJ
starter,ADJ
enough,ADJ
starter,ADJ
bookingcom,ADJ
due,ADJ
main,ADJ
direct,ADJ
straight,ADJ
uncomfort,ADJ
casual,ADJ
full,ADJ
back,ADJ
straight,ADJ
left,ADJ
warm,ADJ
nice,ADJ
spotless,ADJ
extra,ADJ
worth,ADJ
english,ADJ
hot,ADJ
worth,ADJ
big,ADJ
strong,ADJ
proper,ADJ
best,ADJ
special,ADJ
nice,ADJ
present,ADJ
fri,ADJ
bad,ADJ
notic,ADJ
fair,ADJ
nice,ADJ
corinthia,ADJ
last,ADJ
superior,ADJ
big,ADJ
fit,ADJ
superior,ADJ
fresh,ADJ
worth,ADJ
nearli,ADJ
final,ADJ
front,ADJ
impecc,ADJ
real,ADJ
local,ADJ
great,ADJ
forward,ADJ
waterloo,ADJ
second,ADJ
outstand,ADJ
best,ADJ
great,ADJ
servic,ADJ
good,ADJ
cheap,ADJ
depend,ADJ
perfect,ADJ
nice,ADJ
free,ADJ
free,ADJ
direct,ADJ
great,ADJ
safe,ADJ
clean,ADJ
quiet,ADJ
upper,ADJ
free,ADJ
free,ADJ
luggag,ADJ
great,ADJ
great,ADJ
great,ADJ
servic,ADJ
standard,ADJ
front,ADJ
first,ADJ
heartbeat,ADJ
quiet,ADJ
great,ADJ
coffe,ADJ
perfect,ADJ
due,ADJ
due,ADJ
rich,ADJ
everi,ADJ
next,ADJ
best,ADJ
superb,ADJ
perfect,ADJ
everi,ADJ
singl,ADJ
right,ADJ
much,ADJ
servic,ADJ
discreet,ADJ
corinthia,ADJ
worth,ADJ
ideal,ADJ
everi,ADJ
morn,ADJ
overse,ADJ
quick,ADJ
nice,ADJ
servic,ADJ
fifth,ADJ
new,ADJ
steep,ADJ
due,ADJ
minimum,ADJ
live,ADJ
long,ADJ
memori,ADJ
dorchest,ADJ
free,ADJ
sweet,ADJ
central,ADJ
much,ADJ
singl,ADJ
top,ADJ
qualiti,ADJ
earli,ADJ
someth,ADJ
short,ADJ
brilliant,ADJ
brilliant,ADJ
servic,ADJ
smart,ADJ
discreet,ADJ
incred,ADJ
sure,ADJ
quick,ADJ
best,ADJ
someth,ADJ
lanesborough,ADJ
sure,ADJ
outsid,ADJ
front,ADJ
main,ADJ
straight,ADJ
front,ADJ
huge,ADJ
hungri,ADJ
best,ADJ
sure,ADJ
next,ADJ
fresh,ADJ
rememb,ADJ
pastri,ADJ
unfortun,ADJ
servic,ADJ
impecc,ADJ
quiet,ADJ
best,ADJ
servic,ADJ
best,ADJ
underground,ADJ
close,ADJ
nearli,ADJ
third,ADJ
rembrandt,ADJ
overal,ADJ
open,ADJ
next,ADJ
left,ADJ
celebr,ADJ
mondrian,ADJ
good,ADJ
servic,ADJ
slowish,ADJ
due,ADJ
good,ADJ
good,ADJ
good,ADJ
standard,ADJ
far,ADJ
unfortun,ADJ
first,ADJ
last,ADJ
choic,ADJ
first,ADJ
worth,ADJ
everi,ADJ
polit,ADJ
final,ADJ
perfect,ADJ
last,ADJ
last,ADJ
cool,ADJ
cool,ADJ
last,ADJ
present,ADJ
flat,ADJ
quiet,ADJ
small,ADJ
housesembassi,ADJ
standard,ADJ
good,ADJ
usual,ADJ
carveri,ADJ
underground,ADJ
much,ADJ
upgrad,ADJ
clean,ADJ
good,ADJ
qualiti,ADJ
furnitur,ADJ
fit,ADJ
quiet,ADJ
impecc,ADJ
servic,ADJ
high,ADJ
special,ADJ
old,ADJ
open,ADJ
close,ADJ
great,ADJ
best,ADJ
total,ADJ
mondrian,ADJ
past,ADJ
everi,ADJ
outstand,ADJ
great,ADJ
full,ADJ
deep,ADJ
thin,ADJ
loud,ADJ
next,ADJ
quiet,ADJ
good,ADJ
eateri,ADJ
enough,ADJ
tabl,ADJ
good,ADJ
great,ADJ
flat,ADJ
satisfi,ADJ
front,ADJ
first,ADJ
perfect,ADJ
top,ADJ
helpful,ADJ
next,ADJ
next,ADJ
somewher,ADJ
close,ADJ
american,ADJ
central,ADJ
huge,ADJ
circular,ADJ
whole,ADJ
right,ADJ
front,ADJ
right,ADJ
old,ADJ
light,ADJ
romant,ADJ
hard,ADJ
gigant,ADJ
best,ADJ
best,ADJ
experi,ADJ
far,ADJ
forev,ADJ
perfect,ADJ
brilliant,ADJ
special,ADJ
virtual,ADJ
worth,ADJ
everi,ADJ
memori,ADJ
live,ADJ
forev,ADJ
special,ADJ
worth,ADJ
atmospher,ADJ
real,ADJ
better,ADJ
mini,ADJ
late,ADJ
brilliant,ADJ
servic,ADJ
first,ADJ
close,ADJ
clean,ADJ
unlimit,ADJ
hot,ADJ
english,ADJ
small,ADJ
extra,ADJ
good,ADJ
open,ADJ
fresh,ADJ
ownermanag,ADJ
good,ADJ
advic,ADJ
last,ADJ
pricey,ADJ
good,ADJ
qualiti,ADJ
nice,ADJ
corinthia,ADJ
clearli,ADJ
red,ADJ
much,ADJ
new,ADJ
perfect,ADJ
upgrad,ADJ
possibl,ADJ
elemi,ADJ
quiet,ADJ
great,ADJ
frequent,ADJ
top,ADJ
best,ADJ
huge,ADJ
half,ADJ
earli,ADJ
topup,ADJ
first,ADJ
mondrian,ADJ
modern,ADJ
mondrian,ADJ
close,ADJ
great,ADJ
standard,ADJ
good,ADJ
faultless,ADJ
cheap,ADJ
great,ADJ
standard,ADJ
pure,ADJ
small,ADJ
front,ADJ
high,ADJ
huge,ADJ
worth,ADJ
warmer,ADJ
french,ADJ
open,ADJ
big,ADJ
black,ADJ
choic,ADJ
fresh,ADJ
great,ADJ
late,ADJ
sleeper,ADJ
best,ADJ
sure,ADJ
nice,ADJ
best,ADJ
dandelyan,ADJ
sure,ADJ
standard,ADJ
great,ADJ
servic,ADJ
much,ADJ
high,ADJ
qualiti,ADJ
servic,ADJ
sure,ADJ
servic,ADJ
pleasant,ADJ
experi,ADJ
due,ADJ
second,ADJ
great,ADJ
front,ADJ
whole,ADJ
great,ADJ
short,ADJ
quiet,ADJ
close,ADJ
magic,ADJ
edwardian,ADJ
old,ADJ
lush,ADJ
outfit,ADJ
new,ADJ
rich,ADJ
best,ADJ
best,ADJ
american,ADJ
hous,ADJ
royal,ADJ
hous,ADJ
fine,ADJ
great,ADJ
uniformli,ADJ
better,ADJ
least,ADJ
easi,ADJ
close,ADJ
small,ADJ
small,ADJ
bigger,ADJ
perfect,ADJ
celebr,ADJ
write,ADJ
big,ADJ
experi,ADJ
d,ADJ
much,ADJ
differ,ADJ
special,ADJ
front,ADJ
perfect,ADJ
high,ADJ
back,ADJ
junior,ADJ
great,ADJ
long,ADJ
clean,ADJ
tidi,ADJ
free,ADJ
safe,ADJ
nice,ADJ
nice,ADJ
quiet,ADJ
close,ADJ
last,ADJ
good,ADJ
direct,ADJ
best,ADJ
great,ADJ
quiet,ADJ
free,ADJ
good,ADJ
late,ADJ
good,ADJ
great,ADJ
singl,ADJ
good,ADJ
great,ADJ
first,ADJ
live,ADJ
big,ADJ
servic,ADJ
great,ADJ
servic,ADJ
high,ADJ
standard,ADJ
high,ADJ
great,ADJ
sure,ADJ
great,ADJ
thermal,ADJ
great,ADJ
great,ADJ
hous,ADJ
next,ADJ
worth,ADJ
everi,ADJ
warm,ADJ
warm,ADJ
massimo,ADJ
good,ADJ
high,ADJ
famili,ADJ
best,ADJ
nice,ADJ
small,ADJ
everi,ADJ
everi,ADJ
clean,ADJ
small,ADJ
perfectli,ADJ
clean,ADJ
gelhairdry,ADJ
fine,ADJ
luggag,ADJ
servicemap,ADJ
popular,ADJ
eateri,ADJ
direct,ADJ
young,ADJ
enough,ADJ
recent,ADJ
spectacular,ADJ
perfect,ADJ
overnight,ADJ
extra,ADJ
standard,ADJ
pricey,ADJ
hous,ADJ
nice,ADJ
nice,ADJ
arrang,ADJ
nice,ADJ
servic,ADJ
great,ADJ
great,ADJ
great,ADJ
rejuven,ADJ
high,ADJ
classic,ADJ
usual,ADJ
low,ADJ
royal,ADJ
hous,ADJ
great,ADJ
dedic,ADJ
worth,ADJ
everi,ADJ
great,ADJ
great,ADJ
great,ADJ
intent,ADJ
great,ADJ
biggest,ADJ
compliment,ADJ
novemb,ADJ
underground,ADJ
junior,ADJ
warm,ADJ
uneed,ADJ
extra,ADJ
live,ADJ
flat,ADJ
round,ADJ
flat,ADJ
worth,ADJ
ipod,ADJ
nice,ADJ
extra,ADJ
differ,ADJ
anniversari,ADJ
small,ADJ
local,ADJ
quiet,ADJ
great,ADJ
close,ADJ
quick,ADJ
resolv,ADJ
top,ADJ
clean,ADJ
old,ADJ
big,ADJ
differ,ADJ
worth,ADJ
good,ADJ
nice,ADJ
unexpect,ADJ
big,ADJ
bright,ADJ
stilish,ADJ
huge,ADJ
good,ADJ
servic,ADJ
qualiti,ADJ
good,ADJ
welcom,ADJ
first,ADJ
standard,ADJ
major,ADJ
underground,ADJ
close,ADJ
cheaper,ADJ
third,ADJ
enough,ADJ
bookedth,ADJ
delux,ADJ
huge,ADJ
american,ADJ
whole,ADJ
big,ADJ
sincereth,ADJ
best,ADJ
local,ADJ
footth,ADJ
bad,ADJ
due,ADJ
huge,ADJ
best,ADJ
good,ADJ
repor,ADJ
wrong,ADJ
kind,ADJ
much,ADJ
probabl,ADJ
modest,ADJ
everi,ADJ
special,ADJ
last,ADJ
good,ADJ
junior,ADJ
super,ADJ
last,ADJ
servic,ADJ
great,ADJ
great,ADJ
morn,ADJ
coventri,ADJ
special,ADJ
upgrad,ADJ
junior,ADJ
due,ADJ
arrang,ADJ
next,ADJ
calm,ADJ
right,ADJ
standard,ADJ
cheapest,ADJ
super,ADJ
undisput,ADJ
choic,ADJ
great,ADJ
everi,ADJ
someth,ADJ
great,ADJ
worth,ADJ
great,ADJ
best,ADJ
massag,ADJ
hectic,ADJ
best,ADJ
great,ADJ
close,ADJ
quick,ADJ
great,ADJ
enough,ADJ
much,ADJ
beat,ADJ
celebr,ADJ
impecc,ADJ
servic,ADJ
special,ADJ
much,ADJ
warm,ADJ
memor,ADJ
second,ADJ
mondrian,ADJ
first,ADJ
good,ADJ
modern,ADJ
whole,ADJ
cool,ADJ
great,ADJ
top,ADJ
next,ADJ
hipster,ADJ
superior,ADJ
quiet,ADJ
first,ADJ
tabl,ADJ
nice,ADJ
big,ADJ
exclus,ADJ
good,ADJ
big,ADJ
great,ADJ
free,ADJ
nice,ADJ
cool,ADJ
imageri,ADJ
next,ADJ
uncl,ADJ
much,ADJ
third,ADJ
final,ADJ
previous,ADJ
pluss,ADJ
better,ADJ
least,ADJ
right,ADJ
seventh,ADJ
south,ADJ
breathtak,ADJ
free,ADJ
free,ADJ
free,ADJ
sure,ADJ
regal,ADJ
plush,ADJ
equal,ADJ
pleasant,ADJ
hot,ADJ
red,ADJ
clearli,ADJ
gracious,ADJ
slight,ADJ
actual,ADJ
flush,ADJ
accumul,ADJ
obvious,ADJ
advantag,ADJ
worst,ADJ
experi,ADJ
first,ADJ
extra,ADJ
special,ADJ
much,ADJ
everi,ADJ
extra,ADJ
sure,ADJ
best,ADJ
genuin,ADJ
fortun,ADJ
top,ADJ
best,ADJ
warmli,ADJ
coffe,ADJ
german,ADJ
good,ADJ
top,ADJ
similar,ADJ
great,ADJ
live,ADJ
hotal,ADJ
stylish,ADJ
great,ADJ
choic,ADJ
close,ADJ
close,ADJ
min,ADJ
clean,ADJ
good,ADJ
fold,ADJ
nice,ADJ
clean,ADJ
super,ADJ
best,ADJ
best,ADJ
great,ADJ
great,ADJ
servic,ADJ
impecc,ADJ
quiet,ADJ
great,ADJ
corinthia,ADJ
great,ADJ
soft,ADJ
clean,ADJ
ideal,ADJ
underground,ADJ
neg,ADJ
special,ADJ
good,ADJ
nice,ADJ
great,ADJ
mondrian,ADJ
servic,ADJ
great,ADJ
atmospher,ADJ
corinthia,ADJ
second,ADJ
last,ADJ
great,ADJ
special,ADJ
everi,ADJ
extrem,ADJ
select,ADJ
much,ADJ
extra,ADJ
celebr,ADJ
special,ADJ
new,ADJ
true,ADJ
easi,ADJ
better,ADJ
quiet,ADJ
full,ADJ
full,ADJ
minor,ADJ
flat,ADJ
waterproof,ADJ
best,ADJ
good,ADJ
alway,ADJ
clean,ADJ
small,ADJ
good,ADJ
public,ADJ
warm,ADJ
fresh,ADJ
much,ADJ
bigger,ADJ
new,ADJ
real,ADJ
standard,ADJ
scenic,ADJ
shard,ADJ
bulk,ADJ
brilliant,ADJ
worth,ADJ
best,ADJ
great,ADJ
last,ADJ
glad,ADJ
great,ADJ
urban,ADJ
south,ADJ
sure,ADJ
pastri,ADJ
great,ADJ
walkin,ADJ
nice,ADJ
corinthia,ADJ
special,ADJ
direct,ADJ
bad,ADJ
main,ADJ
choic,ADJ
main,ADJ
pleasant,ADJ
open,ADJ
frequent,ADJ
main,ADJ
live,ADJ
corinthia,ADJ
right,ADJ
live,ADJ
best,ADJ
standard,ADJ
due,ADJ
next,ADJ
recept,ADJ
ipod,ADJ
coffe,ADJ
usual,ADJ
fair,ADJ
late,ADJ
worth,ADJ
less,ADJ
much,ADJ
whole,ADJ
ooz,ADJ
swim,ADJ
great,ADJ
next,ADJ
nice,ADJ
central,ADJ
delux,ADJ
good,ADJ
nice,ADJ
good,ADJ
nice,ADJ
select,ADJ
good,ADJ
great,ADJ
special,ADJ
full,ADJ
english,ADJ
small,ADJ
extra,ADJ
small,ADJ
deep,ADJ
tub,ADJ
inde,ADJ
tabl,ADJ
actual,ADJ
quiet,ADJ
good,ADJ
common,ADJ
classi,ADJ
basic,ADJ
yummi,ADJ
high,ADJ
qualiti,ADJ
good,ADJ
wild,ADJ
good,ADJ
overal,ADJ
small,ADJ
noisi,ADJ
famou,ADJ
least,ADJ
best,ADJ
proud,ADJ
present,ADJ
unexpect,ADJ
servic,ADJ
morn,ADJ
great,ADJ
great,ADJ
experi,ADJ
high,ADJ
common,ADJ
superior,ADJ
clean,ADJ
perfect,ADJ
tabl,ADJ
insid,ADJ
overal,ADJ
better,ADJ
nice,ADJ
huge,ADJ
good,ADJ
nice,ADJ
good,ADJ
final,ADJ
special,ADJ
hous,ADJ
rememb,ADJ
nice,ADJ
whole,ADJ
great,ADJ
small,ADJ
great,ADJ
dead,ADJ
main,ADJ
easi,ADJ
next,ADJ
new,ADJ
nice,ADJ
big,ADJ
nice,ADJ
qualiti,ADJ
familiar,ADJ
obvious,ADJ
mere,ADJ
keen,ADJ
previous,ADJ
recent,ADJ
new,ADJ
huge,ADJ
front,ADJ
nice,ADJ
itali,ADJ
good,ADJ
great,ADJ
tri,ADJ
great,ADJ
italian,ADJ
next,ADJ
great,ADJ
sure,ADJ
enough,ADJ
good,ADJ
clean,ADJ
phantom,ADJ
last,ADJ
much,ADJ
special,ADJ
sweet,ADJ
actual,ADJ
perfum,ADJ
short,ADJ
least,ADJ
chap,ADJ
servic,ADJ
old,ADJ
qualiti,ADJ
great,ADJ
great,ADJ
nice,ADJ
fine,ADJ
hot,ADJ
anytim,ADJ
mondrian,ADJ
partial,ADJ
unabl,ADJ
good,ADJ
last,ADJ
great,ADJ
nice,ADJ
great,ADJ
close,ADJ
third,ADJ
recent,ADJ
modern,ADJ
modern,ADJ
worth,ADJ
choic,ADJ
good,ADJ
best,ADJ
welcom,ADJ
special,ADJ
least,ADJ
worth,ADJ
everi,ADJ
free,ADJ
cool,ADJ
current,ADJ
great,ADJ
romant,ADJ
wrong,ADJ
good,ADJ
great,ADJ
brown,ADJ
edwardian,ADJ
countri,ADJ
hous,ADJ
best,ADJ
front,ADJ
close,ADJ
rear,ADJ
asian,ADJ
present,ADJ
highest,ADJ
standard,ADJ
we,ADJ
special,ADJ
first,ADJ
first,ADJ
servic,ADJ
recent,ADJ
much,ADJ
constant,ADJ
great,ADJ
interior,ADJ
nice,ADJ
great,ADJ
good,ADJ
better,ADJ
modern,ADJ
quick,ADJ
better,ADJ
huge,ADJ
luxuri,ADJ
singl,ADJ
long,ADJ
much,ADJ
next,ADJ
ideal,ADJ
next,ADJ
right,ADJ
posh,ADJ
entir,ADJ
safe,ADJ
clean,ADJ
decent,ADJ
direct,ADJ
open,ADJ
everi,ADJ
siren,ADJ
pane,ADJ
close,ADJ
hot,ADJ
main,ADJ
great,ADJ
other,ADJ
superior,ADJ
superb,ADJ
experi,ADJ
great,ADJ
free,ADJ
back,ADJ
last,ADJ
much,ADJ
attend,ADJ
quiet,ADJ
great,ADJ
perfect,ADJ
great,ADJ
twin,ADJ
top,ADJ
celebr,ADJ
first,ADJ
clean,ADJ
huge,ADJ
best,ADJ
correct,ADJ
safe,ADJ
underground,ADJ
dorchest,ADJ
royal,ADJ
smart,ADJ
front,ADJ
hous,ADJ
due,ADJ
ultra,ADJ
modern,ADJ
great,ADJ
standard,ADJ
modern,ADJ
pure,ADJ
italian,ADJ
great,ADJ
due,ADJ
hot,ADJ
first,ADJ
special,ADJ
high,ADJ
standard,ADJ
servic,ADJ
special,ADJ
usher,ADJ
main,ADJ
mean,ADJ
espect,ADJ
usher,ADJ
long,ADJ
arrang,ADJ
young,ADJ
long,ADJ
other,ADJ
warm,ADJ
hot,ADJ
correct,ADJ
clear,ADJ
next,ADJ
select,ADJ
pastri,ADJ
small,ADJ
least,ADJ
great,ADJ
famou,ADJ
great,ADJ
drtess,ADJ
smart,ADJ
casual,ADJ
new,ADJ
other,ADJ
good,ADJ
special,ADJ
servic,ADJ
worth,ADJ
extra,ADJ
correct,ADJ
tri,ADJ
new,ADJ
new,ADJ
superior,ADJ
swift,ADJ
moor,ADJ
close,ADJ
sure,ADJ
possibl,ADJ
impecc,ADJ
edwardian,ADJ
quiet,ADJ
small,ADJ
best,ADJ
experi,ADJ
next,ADJ
last,ADJ
sommeli,ADJ
special,ADJ
real,ADJ
best,ADJ
servic,ADJ
new,ADJ
empti,ADJ
offic,ADJ
everi,ADJ
deep,ADJ
modern,ADJ
wide,ADJ
good,ADJ
servic,ADJ
neg,ADJ
recent,ADJ
memor,ADJ
much,ADJ
next,ADJ
close,ADJ
local,ADJ
high,ADJ
qualiti,ADJ
huge,ADJ
great,ADJ
clean,ADJ
great,ADJ
decent,ADJ
loud,ADJ
calm,ADJ
short,ADJ
close,ADJ
countrysid,ADJ
first,ADJ
standard,ADJ
short,ADJ
sweet,ADJ
ill,ADJ
quick,ADJ
young,ADJ
finer,ADJ
corinthia,ADJ
real,ADJ
old,ADJ
special,ADJ
rich,ADJ
famou,ADJ
cool,ADJ
choic,ADJ
best,ADJ
long,ADJ
much,ADJ
worth,ADJ
everi,ADJ
underst,ADJ
great,ADJ
real,ADJ
ideal,ADJ
elemi,ADJ
free,ADJ
free,ADJ
tri,ADJ
special,ADJ
overal,ADJ
next,ADJ
great,ADJ
local,ADJ
free,ADJ
normal,ADJ
small,ADJ
good,ADJ
local,ADJ
ideal,ADJ
first,ADJ
discov,ADJ
good,ADJ
qualiti,ADJ
recent,ADJ
full,ADJ
english,ADJ
clear,ADJ
quiet,ADJ
usual,ADJ
doorman,ADJ
great,ADJ
clean,ADJ
great,ADJ
great,ADJ
choic,ADJ
pastri,ADJ
full,ADJ
nice,ADJ
good,ADJ
new,ADJ
servic,ADJ
faultless,ADJ
first,ADJ
frequent,ADJ
right,ADJ
fiftyseven,ADJ
round,ADJ
own,ADJ
good,ADJ
entir,ADJ
cheeri,ADJ
clean,ADJ
basic,ADJ
small,ADJ
stark,ADJ
wireless,ADJ
typic,ADJ
english,ADJ
dorchest,ADJ
standard,ADJ
grand,ADJ
clean,ADJ
morn,ADJ
great,ADJ
sometim,ADJ
everi,ADJ
usual,ADJ
mondrian,ADJ
right,ADJ
choic,ADJ
best,ADJ
better,ADJ
great,ADJ
great,ADJ
ancient,ADJ
best,ADJ
againbreakfast,ADJ
experi,ADJ
brilliant,ADJ
overnight,ADJ
luggag,ADJ
earli,ADJ
small,ADJ
good,ADJ
everi,ADJ
deep,ADJ
black,ADJ
white,ADJ
toiletri,ADJ
thick,ADJ
good,ADJ
toiletri,ADJ
late,ADJ
good,ADJ
difficult,ADJ
rememb,ADJ
good,ADJ
good,ADJ
small,ADJ
long,ADJ
slow,ADJ
sure,ADJ
full,ADJ
final,ADJ
late,ADJ
perfect,ADJ
good,ADJ
suffoc,ADJ
alien,ADJ
great,ADJ
high,ADJ
standard,ADJ
perfect,ADJ
venu,ADJ
real,ADJ
overal,ADJ
fantast,ADJ
perfect,ADJ
clean,ADJ
hot,ADJ
fresh,ADJ
atmospher,ADJ
great,ADJ
clean,ADJ
tidi,ADJ
sad,ADJ
next,ADJ
special,ADJ
main,ADJ
servic,ADJ
dorchest,ADJ
wide,ADJ
green,ADJ
select,ADJ
pastri,ADJ
wide,ADJ
black,ADJ
equal,ADJ
stylish,ADJ
whole,ADJ
obvious,ADJ
grand,ADJ
superior,ADJ
round,ADJ
big,ADJ
huge,ADJ
usual,ADJ
small,ADJ
big,ADJ
enough,ADJ
notic,ADJ
neighbour,ADJ
pleasant,ADJ
easier,ADJ
main,ADJ
larger,ADJ
enough,ADJ
small,ADJ
nice,ADJ
proper,ADJ
small,ADJ
annoy,ADJ
common,ADJ
recept,ADJ
smaller,ADJ
uncommon,ADJ
main,ADJ
best,ADJ
whole,ADJ
first,ADJ
kind,ADJ
obvious,ADJ
cheap,ADJ
usual,ADJ
cheaper,ADJ
special,ADJ
special,ADJ
great,ADJ
varieti,ADJ
good,ADJ
close,ADJ
live,ADJ
central,ADJ
second,ADJ
live,ADJ
great,ADJ
whole,ADJ
clean,ADJ
good,ADJ
quiet,ADJ
qualiti,ADJ
close,ADJ
nice,ADJ
inhous,ADJ
great,ADJ
central,ADJ
perfect,ADJ
joint,ADJ
anniversari,ADJ
junior,ADJ
short,ADJ
right,ADJ
great,ADJ
mondrian,ADJ
celebr,ADJ
famili,ADJ
extra,ADJ
best,ADJ
new,ADJ
possibl,ADJ
great,ADJ
public,ADJ
strongest,ADJ
much,ADJ
everi,ADJ
summari,ADJ
good,ADJ
free,ADJ
great,ADJ
direct,ADJ
good,ADJ
dorchest,ADJ
rememb,ADJ
best,ADJ
last,ADJ
twin,ADJ
late,ADJ
thank,ADJ
dorchest,ADJ
good,ADJ
pricey,ADJ
long,ADJ
long,ADJ
advic,ADJ
nice,ADJ
small,ADJ
much,ADJ
worth,ADJ
multipl,ADJ
famili,ADJ
special,ADJ
whole,ADJ
kind,ADJ
clean,ADJ
whole,ADJ
special,ADJ
modern,ADJ
small,ADJ
incid,ADJ
servic,ADJ
great,ADJ
convieni,ADJ
servic,ADJ
best,ADJ
hous,ADJ
pricey,ADJ
worth,ADJ
first,ADJ
small,ADJ
new,ADJ
clean,ADJ
super,ADJ
next,ADJ
open,ADJ
next,ADJ
nice,ADJ
pleasant,ADJ
familiar,ADJ
finest,ADJ
calibr,ADJ
famou,ADJ
overnight,ADJ
ideal,ADJ
right,ADJ
great,ADJ
mondrian,ADJ
prior,ADJ
nice,ADJ
casual,ADJ
underpin,ADJ
high,ADJ
qualiti,ADJ
gripe,ADJ
great,ADJ
improv,ADJ
servic,ADJ
anniversari,ADJ
great,ADJ
servic,ADJ
outstand,ADJ
lavish,ADJ
royalti,ADJ
big,ADJ
special,ADJ
somewher,ADJ
special,ADJ
industri,ADJ
modern,ADJ
best,ADJ
walkin,ADJ
full,ADJ
best,ADJ
public,ADJ
pleasant,ADJ
light,ADJ
high,ADJ
popular,ADJ
good,ADJ
new,ADJ
incred,ADJ
sad,ADJ
indulg,ADJ
superior,ADJ
big,ADJ
enough,ADJ
public,ADJ
high,ADJ
close,ADJ
old,ADJ
old,ADJ
short,ADJ
high,ADJ
sure,ADJ
lower,ADJ
twin,ADJ
perfect,ADJ
arrang,ADJ
small,ADJ
real,ADJ
small,ADJ
recent,ADJ
real,ADJ
overhead,ADJ
smaller,ADJ
handheld,ADJ
great,ADJ
unfortun,ADJ
next,ADJ
great,ADJ
sure,ADJ
light,ADJ
first,ADJ
second,ADJ
fri,ADJ
nearest,ADJ
short,ADJ
italian,ADJ
youngest,ADJ
quick,ADJ
lancast,ADJ
safe,ADJ
late,ADJ
open,ADJ
small,ADJ
big,ADJ
extra,ADJ
unabl,ADJ
great,ADJ
final,ADJ
delight,ADJ
select,ADJ
good,ADJ
clean,ADJ
celebr,ADJ
joint,ADJ
extra,ADJ
rememb,ADJ
huge,ADJ
small,ADJ
bare,ADJ
central,ADJ
great,ADJ
local,ADJ
royalti,ADJ
enough,ADJ
worth,ADJ
sure,ADJ
bad,ADJ
incred,ADJ
first,ADJ
warmli,ADJ
short,ADJ
central,ADJ
safe,ADJ
great,ADJ
great,ADJ
stylish,ADJ
warm,ADJ
great,ADJ
big,ADJ
right,ADJ
good,ADJ
best,ADJ
first,ADJ
great,ADJ
modern,ADJ
frequent,ADJ
twice,ADJ
fit,ADJ
smallest,ADJ
virtual,ADJ
choic,ADJ
junior,ADJ
high,ADJ
easi,ADJ
singl,ADJ
dorchest,ADJ
hairdress,ADJ
dorchest,ADJ
slight,ADJ
black,ADJ
full,ADJ
english,ADJ
black,ADJ
full,ADJ
english,ADJ
partial,ADJ
english,ADJ
big,ADJ
black,ADJ
fun,ADJ
nice,ADJ
top,ADJ
small,ADJ
sure,ADJ
great,ADJ
good,ADJ
special,ADJ
everi,ADJ
open,ADJ
rememb,ADJ
short,ADJ
short,ADJ
new,ADJ
huge,ADJ
clean,ADJ
rare,ADJ
good,ADJ
best,ADJ
spent,ADJ
first,ADJ
crisp,ADJ
front,ADJ
english,ADJ
equal,ADJ
pleasant,ADJ
good,ADJ
absolut,ADJ
ye,ADJ
great,ADJ
big,ADJ
good,ADJ
free,ADJ
ideal,ADJ
blackfriar,ADJ
nice,ADJ
jungl,ADJ
nice,ADJ
good,ADJ
nice,ADJ
smooth,ADJ
select,ADJ
great,ADJ
warm,ADJ
great,ADJ
next,ADJ
final,ADJ
choic,ADJ
great,ADJ
british,ADJ
someth,ADJ
extra,ADJ
deeper,ADJ
sure,ADJ
corinthia,ADJ
clean,ADJ
warm,ADJ
special,ADJ
extra,ADJ
special,ADJ
theatr,ADJ
cheap,ADJ
worth,ADJ
everi,ADJ
great,ADJ
round,ADJ
perfect,ADJ
servic,ADJ
cucumb,ADJ
quiet,ADJ
good,ADJ
differ,ADJ
great,ADJ
warmli,ADJ
rare,ADJ
great,ADJ
worth,ADJ
everi,ADJ
steep,ADJ
back,ADJ
next,ADJ
right,ADJ
live,ADJ
hubbi,ADJ
celebr,ADJ
firstli,ADJ
difficulti,ADJ
rememb,ADJ
bad,ADJ
real,ADJ
good,ADJ
good,ADJ
upgrad,ADJ
nice,ADJ
quiet,ADJ
faultless,ADJ
free,ADJ
entri,ADJ
special,ADJ
south,ADJ
short,ADJ
good,ADJ
hot,ADJ
cold,ADJ
great,ADJ
select,ADJ
best,ADJ
first,ADJ
great,ADJ
great,ADJ
small,ADJ
good,ADJ
close,ADJ
first,ADJ
great,ADJ
practic,ADJ
nice,ADJ
swim,ADJ
small,ADJ
small,ADJ
alway,ADJ
fine,ADJ
slight,ADJ
notic,ADJ
much,ADJ
yellow,ADJ
yellow,ADJ
yellow,ADJ
obvious,ADJ
notic,ADJ
yellow,ADJ
yellow,ADJ
unfortun,ADJ
good,ADJ
yellow,ADJ
least,ADJ
yellow,ADJ
open,ADJ
guid,ADJ
yellow,ADJ
good,ADJ
main,ADJ
close,ADJ
clean,ADJ
least,ADJ
present,ADJ
perfect,ADJ
prime,ADJ
safe,ADJ
worth,ADJ
smaller,ADJ
great,ADJ
british,ADJ
better,ADJ
quick,ADJ
much,ADJ
reduc,ADJ
qualiti,ADJ
lower,ADJ
next,ADJ
smaller,ADJ
fewer,ADJ
fresh,ADJ
customari,ADJ
enough,ADJ
last,ADJ
good,ADJ
famou,ADJ
alway,ADJ
good,ADJ
top,ADJ
english,ADJ
overnight,ADJ
morn,ADJ
great,ADJ
choic,ADJ
next,ADJ
nice,ADJ
quicker,ADJ
underground,ADJ
full,ADJ
british,ADJ
clean,ADJ
nice,ADJ
nice,ADJ
present,ADJ
enough,ADJ
second,ADJ
goodi,ADJ
brilliant,ADJ
tabl,ADJ
whole,ADJ
special,ADJ
corinthia,ADJ
open,ADJ
new,ADJ
previous,ADJ
round,ADJ
better,ADJ
good,ADJ
mid,ADJ
present,ADJ
deep,ADJ
present,ADJ
perfect,ADJ
standard,ADJ
new,ADJ
servic,ADJ
present,ADJ
perfect,ADJ
intend,ADJ
manag,ADJ
actual,ADJ
next,ADJ
small,ADJ
rememb,ADJ
high,ADJ
good,ADJ
close,ADJ
third,ADJ
perfect,ADJ
close,ADJ
close,ADJ
clean,ADJ
centr,ADJ
great,ADJ
luggag,ADJ
pleasant,ADJ
nice,ADJ
good,ADJ
anoth,ADJ
obvious,ADJ
rememb,ADJ
last,ADJ
ipod,ADJ
last,ADJ
top,ADJ
last,ADJ
perfect,ADJ
perfect,ADJ
past,ADJ
better,ADJ
nice,ADJ
clean,ADJ
good,ADJ
great,ADJ
front,ADJ
much,ADJ
histori,ADJ
central,ADJ
easter,ADJ
final,ADJ
next,ADJ
fine,ADJ
select,ADJ
distinct,ADJ
long,ADJ
warm,ADJ
new,ADJ
memori,ADJ
great,ADJ
sure,ADJ
full,ADJ
great,ADJ
great,ADJ
servic,ADJ
high,ADJ
everi,ADJ
easi,ADJ
true,ADJ
great,ADJ
great,ADJ
free,ADJ
free,ADJ
everi,ADJ
real,ADJ
front,ADJ
centr,ADJ
easi,ADJ
fast,ADJ
sure,ADJ
local,ADJ
cellular,ADJ
free,ADJ
next,ADJ
underground,ADJ
short,ADJ
first,ADJ
underground,ADJ
much,ADJ
long,ADJ
top,ADJ
leav,ADJ
past,ADJ
free,ADJ
great,ADJ
short,ADJ
hous,ADJ
big,ADJ
old,ADJ
excel,ADJ
servic,ADJ
great,ADJ
great,ADJ
atmospher,ADJ
excel,ADJ
next,ADJ
small,ADJ
special,ADJ
main,ADJ
best,ADJ
pastri,ADJ
huge,ADJ
good,ADJ
best,ADJ
close,ADJ
light,ADJ
yellow,ADJ
refresh,ADJ
true,ADJ
nice,ADJ
small,ADJ
everi,ADJ
best,ADJ
servic,ADJ
normal,ADJ
special,ADJ
next,ADJ
high,ADJ
standard,ADJ
short,ADJ
good,ADJ
huge,ADJ
clean,ADJ
light,ADJ
clean,ADJ
good,ADJ
next,ADJ
small,ADJ
much,ADJ
good,ADJ
last,ADJ
much,ADJ
best,ADJ
super,ADJ
small,ADJ
small,ADJ
great,ADJ
next,ADJ
enough,ADJ
first,ADJ
select,ADJ
wide,ADJ
much,ADJ
formal,ADJ
eas,ADJ
lose,ADJ
servic,ADJ
second,ADJ
dorchest,ADJ
proud,ADJ
perfect,ADJ
first,ADJ
central,ADJ
celebr,ADJ
impecc,ADJ
servic,ADJ
asid,ADJ
welcom,ADJ
safe,ADJ
much,ADJ
special,ADJ
irish,ADJ
ian,ADJ
northern,ADJ
irish,ADJ
famili,ADJ
sure,ADJ
finest,ADJ
special,ADJ
servic,ADJ
much,ADJ
worth,ADJ
whole,ADJ
outsid,ADJ
leav,ADJ
best,ADJ
much,ADJ
left,ADJ
high,ADJ
everi,ADJ
new,ADJ
right,ADJ
free,ADJ
free,ADJ
moorgat,ADJ
blue,ADJ
great,ADJ
close,ADJ
top,ADJ
servic,ADJ
special,ADJ
luggag,ADJ
high,ADJ
best,ADJ
much,ADJ
best,ADJ
impecc,ADJ
twin,ADJ
execut,ADJ
ideal,ADJ
clean,ADJ
furnish,ADJ
huge,ADJ
good,ADJ
big,ADJ
ideal,ADJ
focuss,ADJ
great,ADJ
fair,ADJ
first,ADJ
last,ADJ
second,ADJ
similar,ADJ
brief,ADJ
new,ADJ
high,ADJ
greatest,ADJ
great,ADJ
riversid,ADJ
modern,ADJ
quiet,ADJ
stylish,ADJ
great,ADJ
good,ADJ
everi,ADJ
clean,ADJ
good,ADJ
big,ADJ
slight,ADJ
full,ADJ
english,ADJ
quiet,ADJ
pleasant,ADJ
small,ADJ
local,ADJ
younger,ADJ
delux,ADJ
petal,ADJ
arrang,ADJ
best,ADJ
memor,ADJ
cleaner,ADJ
everi,ADJ
sweet,ADJ
special,ADJ
next,ADJ
best,ADJ
servic,ADJ
much,ADJ
full,ADJ
next,ADJ
nice,ADJ
special,ADJ
second,ADJ
servic,ADJ
usual,ADJ
lancast,ADJ
super,ADJ
major,ADJ
nice,ADJ
classic,ADJ
consid,ADJ
old,ADJ
deep,ADJ
gracious,ADJ
decent,ADJ
overal,ADJ
great,ADJ
choic,ADJ
recent,ADJ
extra,ADJ
special,ADJ
incred,ADJ
experi,ADJ
first,ADJ
annual,ADJ
close,ADJ
second,ADJ
bad,ADJ
smallish,ADJ
quiet,ADJ
consid,ADJ
older,ADJ
pane,ADJ
hot,ADJ
fine,ADJ
plain,ADJ
great,ADJ
full,ADJ
english,ADJ
sunni,ADJ
small,ADJ
extra,ADJ
nice,ADJ
public,ADJ
nice,ADJ
free,ADJ
coffe,ADJ
good,ADJ
instant,ADJ
cold,ADJ
minor,ADJ
fine,ADJ
big,ADJ
small,ADJ
enough,ADJ
bottom,ADJ
next,ADJ
late,ADJ
first,ADJ
quiet,ADJ
small,ADJ
good,ADJ
free,ADJ
hot,ADJ
lighter,ADJ
own,ADJ
nice,ADJ
recent,ADJ
high,ADJ
everi,ADJ
clean,ADJ
full,ADJ
english,ADJ
great,ADJ
best,ADJ
good,ADJ
central,ADJ
fit,ADJ
better,ADJ
choic,ADJ
quiet,ADJ
friendliest,ADJ
much,ADJ
sure,ADJ
clear,ADJ
standard,ADJ
highest,ADJ
public,ADJ
right,ADJ
close,ADJ
manic,ADJ
select,ADJ
high,ADJ
qualiti,ADJ
arguabl,ADJ
extra,ADJ
dorchest,ADJ
junior,ADJ
consid,ADJ
safe,ADJ
least,ADJ
ultim,ADJ
sanctuari,ADJ
snuggl,ADJ
inner,ADJ
servic,ADJ
major,ADJ
central,ADJ
less,ADJ
nice,ADJ
best,ADJ
cool,ADJ
top,ADJ
ducass,ADJ
everi,ADJ
open,ADJ
late,ADJ
late,ADJ
close,ADJ
connaught,ADJ
attitud,ADJ
rememb,ADJ
quick,ADJ
good,ADJ
finer,ADJ
western,ADJ
top,ADJ
best,ADJ
mondrian,ADJ
singl,ADJ
standard,ADJ
extra,ADJ
good,ADJ
high,ADJ
great,ADJ
full,ADJ
great,ADJ
good,ADJ
select,ADJ
late,ADJ
whole,ADJ
probabl,ADJ
morn,ADJ
select,ADJ
hot,ADJ
english,ADJ
cold,ADJ
back,ADJ
mega,ADJ
leav,ADJ
fold,ADJ
deep,ADJ
mini,ADJ
full,ADJ
nice,ADJ
understat,ADJ
nice,ADJ
rememb,ADJ
top,ADJ
funki,ADJ
servic,ADJ
everi,ADJ
total,ADJ
worth,ADJ
everi,ADJ
clean,ADJ
insid,ADJ
top,ADJ
retail,ADJ
advantag,ADJ
top,ADJ
servic,ADJ
actual,ADJ
hous,ADJ
hous,ADJ
experienc,ADJ
hous,ADJ
late,ADJ
incred,ADJ
regardless,ADJ
gracious,ADJ
selfless,ADJ
ultim,ADJ
hous,ADJ
pure,ADJ
servic,ADJ
free,ADJ
huge,ADJ
nice,ADJ
long,ADJ
earli,ADJ
includ,ADJ
nicest,ADJ
equal,ADJ
clean,ADJ
apprentic,ADJ
min,ADJ
boxpark,ADJ
special,ADJ
memor,ADJ
pancak,ADJ
final,ADJ
entir,ADJ
famili,ADJ
famili,ADJ
old,ADJ
great,ADJ
close,ADJ
waterloo,ADJ
small,ADJ
indoor,ADJ
nice,ADJ
prior,ADJ
close,ADJ
minor,ADJ
pricey,ADJ
worth,ADJ
great,ADJ
great,ADJ
central,ADJ
other,ADJ
great,ADJ
earli,ADJ
morn,ADJ
warmli,ADJ
ideal,ADJ
advic,ADJ
direct,ADJ
special,ADJ
much,ADJ
worth,ADJ
everi,ADJ
good,ADJ
best,ADJ
perfect,ADJ
luxuri,ADJ
junior,ADJ
next,ADJ
glad,ADJ
real,ADJ
old,ADJ
pure,ADJ
great,ADJ
close,ADJ
nice,ADJ
great,ADJ
celebr,ADJ
prior,ADJ
arrang,ADJ
mid,ADJ
leav,ADJ
luggag,ADJ
perfect,ADJ
much,ADJ
best,ADJ
next,ADJ
full,ADJ
full,ADJ
subsid,ADJ
french,ADJ
much,ADJ
fullest,ADJ
last,ADJ
perfect,ADJ
corinthia,ADJ
fourth,ADJ
great,ADJ
better,ADJ
fifth,ADJ
great,ADJ
full,ADJ
full,ADJ
great,ADJ
great,ADJ
quiet,ADJ
furnish,ADJ
best,ADJ
well,ADJ
second,ADJ
servic,ADJ
nicest,ADJ
great,ADJ
toiletri,ADJ
nicest,ADJ
best,ADJ
good,ADJ
toiletri,ADJ
perfect,ADJ
great,ADJ
select,ADJ
great,ADJ
strong,ADJ
great,ADJ
select,ADJ
cute,ADJ
nice,ADJ
close,ADJ
major,ADJ
good,ADJ
rug,ADJ
minor,ADJ
servic,ADJ
good,ADJ
welcom,ADJ
smother,ADJ
good,ADJ
warm,ADJ
rich,ADJ
famou,ADJ
next,ADJ
big,ADJ
mysteri,ADJ
corinthia,ADJ
softest,ADJ
earlier,ADJ
celebr,ADJ
first,ADJ
small,ADJ
modern,ADJ
standard,ADJ
perfectli,ADJ
victorian,ADJ
hous,ADJ
full,ADJ
late,ADJ
worldweari,ADJ
royal,ADJ
hous,ADJ
special,ADJ
perfect,ADJ
indulg,ADJ
nearli,ADJ
perfect,ADJ
main,ADJ
recent,ADJ
quiet,ADJ
nice,ADJ
great,ADJ
massag,ADJ
kid,ADJ
best,ADJ
massimo,ADJ
great,ADJ
easi,ADJ
top,ADJ
due,ADJ
close,ADJ
earli,ADJ
pasqual,ADJ
immedi,ADJ
rememb,ADJ
servic,ADJ
whole,ADJ
proud,ADJ
good,ADJ
fresh,ADJ
great,ADJ
unexpect,ADJ
busiest,ADJ
central,ADJ
mondrian,ADJ
arrang,ADJ
free,ADJ
late,ADJ
mondrian,ADJ
much,ADJ
everi,ADJ
everi,ADJ
perfectli,ADJ
good,ADJ
high,ADJ
toiletri,ADJ
special,ADJ
nice,ADJ
famou,ADJ
posh,ADJ
probabl,ADJ
treat,ADJ
well,ADJ
cleaner,ADJ
probabl,ADJ
least,ADJ
thank,ADJ
extra,ADJ
celebr,ADJ
best,ADJ
servic,ADJ
great,ADJ
qualiti,ADJ
modern,ADJ
neutral,ADJ
pricey,ADJ
old,ADJ
classic,ADJ
major,ADJ
firm,ADJ
small,ADJ
standard,ADJ
modern,ADJ
modern,ADJ
good,ADJ
indoor,ADJ
small,ADJ
good,ADJ
good,ADJ
grand,ADJ
overal,ADJ
good,ADJ
recept,ADJ
nice,ADJ
ipod,ADJ
boodl,ADJ
hous,ADJ
fresh,ADJ
toiletri,ADJ
back,ADJ
safe,ADJ
good,ADJ
fresh,ADJ
good,ADJ
minor,ADJ
full,ADJ
popular,ADJ
full,ADJ
full,ADJ
better,ADJ
front,ADJ
last,ADJ
awak,ADJ
middl,ADJ
fresh,ADJ
small,ADJ
femal,ADJ
lower,ADJ
blind,ADJ
highest,ADJ
qualiti,ADJ
downsid,ADJ
correct,ADJ
great,ADJ
next,ADJ
decid,ADJ
ill,ADJ
stylish,ADJ
cheap,ADJ
brilliant,ADJ
best,ADJ
unbeliev,ADJ
second,ADJ
nice,ADJ
perfect,ADJ
servic,ADJ
good,ADJ
fine,ADJ
whole,ADJ
noisi,ADJ
last,ADJ
high,ADJ
usual,ADJ
coffe,ADJ
full,ADJ
disturb,ADJ
nois,ADJ
good,ADJ
choic,ADJ
high,ADJ
rememb,ADJ
short,ADJ
good,ADJ
main,ADJ
smooth,ADJ
whole,ADJ
kinda,ADJ
clean,ADJ
small,ADJ
live,ADJ
best,ADJ
great,ADJ
equal,ADJ
great,ADJ
free,ADJ
atlant,ADJ
good,ADJ
luxuri,ADJ
best,ADJ
everi,ADJ
singl,ADJ
other,ADJ
warm,ADJ
big,ADJ
actual,ADJ
small,ADJ
huge,ADJ
common,ADJ
free,ADJ
guid,ADJ
wireless,ADJ
safe,ADJ
clean,ADJ
clean,ADJ
huge,ADJ
evid,ADJ
clean,ADJ
clean,ADJ
alway,ADJ
sure,ADJ
small,ADJ
big,ADJ
uncomfort,ADJ
tall,ADJ
thick,ADJ
choic,ADJ
next,ADJ
enough,ADJ
nice,ADJ
clean,ADJ
small,ADJ
experi,ADJ
low,ADJ
modern,ADJ
casual,ADJ
great,ADJ
spectacular,ADJ
local,ADJ
earli,ADJ
second,ADJ
singl,ADJ
small,ADJ
hot,ADJ
usual,ADJ
select,ADJ
right,ADJ
close,ADJ
notic,ADJ
cheaper,ADJ
clean,ADJ
smart,ADJ
good,ADJ
good,ADJ
servic,ADJ
slow,ADJ
great,ADJ
experi,ADJ
excel,ADJ
perfect,ADJ
everi,ADJ
recent,ADJ
special,ADJ
superior,ADJ
big,ADJ
enough,ADJ
public,ADJ
high,ADJ
close,ADJ
qualiti,ADJ
last,ADJ
enough,ADJ
nicest,ADJ
sure,ADJ
first,ADJ
sure,ADJ
sure,ADJ
true,ADJ
english,ADJ
older,ADJ
sure,ADJ
younger,ADJ
nice,ADJ
short,ADJ
great,ADJ
nice,ADJ
small,ADJ
standard,ADJ
larger,ADJ
fine,ADJ
great,ADJ
narrow,ADJ
great,ADJ
free,ADJ
small,ADJ
clean,ADJ
clean,ADJ
good,ADJ
hot,ADJ
everi,ADJ
good,ADJ
direct,ADJ
safe,ADJ
homey,ADJ
far,ADJ
keen,ADJ
standard,ADJ
good,ADJ
choic,ADJ
overal,ADJ
splendid,ADJ
indoor,ADJ
next,ADJ
small,ADJ
servic,ADJ
best,ADJ
good,ADJ
mondrian,ADJ
modern,ADJ
clean,ADJ
great,ADJ
servic,ADJ
great,ADJ
atmospher,ADJ
modern,ADJ
vibrant,ADJ
serious,ADJ
great,ADJ
worth,ADJ
meander,ADJ
long,ADJ
long,ADJ
advic,ADJ
nice,ADJ
small,ADJ
much,ADJ
worth,ADJ
open,ADJ
main,ADJ
old,ADJ
good,ADJ
finest,ADJ
direct,ADJ
french,ADJ
open,ADJ
foreign,ADJ
top,ADJ
molecular,ADJ
virtual,ADJ
second,ADJ
smaller,ADJ
french,ADJ
public,ADJ
junior,ADJ
absolut,ADJ
impecc,ADJ
good,ADJ
morn,ADJ
good,ADJ
fair,ADJ
best,ADJ
recent,ADJ
long,ADJ
femal,ADJ
great,ADJ
select,ADJ
front,ADJ
worth,ADJ
everi,ADJ
real,ADJ
close,ADJ
normal,ADJ
great,ADJ
good,ADJ
disturb,ADJ
good,ADJ
flat,ADJ
quiet,ADJ
true,ADJ
qualiti,ADJ
whole,ADJ
special,ADJ
advantag,ADJ
great,ADJ
hard,ADJ
big,ADJ
huge,ADJ
great,ADJ
great,ADJ
right,ADJ
worth,ADJ
clean,ADJ
small,ADJ
perfectli,ADJ
clean,ADJ
gelhairdry,ADJ
fine,ADJ
luggag,ADJ
servicemap,ADJ
popular,ADJ
eateri,ADJ
direct,ADJ
straight,ADJ
much,ADJ
nice,ADJ
usual,ADJ
great,ADJ
old,ADJ
whole,ADJ
usual,ADJ
touristi,ADJ
nice,ADJ
big,ADJ
close,ADJ
somewher,ADJ
close,ADJ
clean,ADJ
extra,ADJ
good,ADJ
nice,ADJ
smart,ADJ
perfect,ADJ
nice,ADJ
balconi,ADJ
top,ADJ
quiet,ADJ
enough,ADJ
great,ADJ
nice,ADJ
italian,ADJ
hard,ADJ
perfect,ADJ
tabl,ADJ
servic,ADJ
huge,ADJ
usual,ADJ
proud,ADJ
british,ADJ
dorchest,ADJ
enough,ADJ
worth,ADJ
dochest,ADJ
super,ADJ
greatest,ADJ
northern,ADJ
italian,ADJ
least,ADJ
short,ADJ
grill,ADJ
cours,ADJ
final,ADJ
perfect,ADJ
great,ADJ
experi,ADJ
fresh,ADJ
experi,ADJ
endless,ADJ
servic,ADJ
top,ADJ
serious,ADJ
other,ADJ
doubt,ADJ
best,ADJ
special,ADJ
worth,ADJ
everi,ADJ
special,ADJ
qualiti,ADJ
modern,ADJ
neutral,ADJ
pricey,ADJ
central,ADJ
rich,ADJ
whole,ADJ
experi,ADJ
straight,ADJ
perfect,ADJ
later,ADJ
worth,ADJ
good,ADJ
whole,ADJ
pure,ADJ
luxuri,ADJ
worth,ADJ
everi,ADJ
choic,ADJ
warm,ADJ
big,ADJ
enough,ADJ
better,ADJ
focuss,ADJ
nice,ADJ
free,ADJ
good,ADJ
connect,ADJ
niggl,ADJ
singl,ADJ
soft,ADJ
better,ADJ
largest,ADJ
small,ADJ
enough,ADJ
qualiti,ADJ
cheap,ADJ
least,ADJ
best,ADJ
far,ADJ
great,ADJ
twin,ADJ
much,ADJ
execut,ADJ
coffe,ADJ
enough,ADJ
next,ADJ
hot,ADJ
somewher,ADJ
nice,ADJ
nice,ADJ
good,ADJ
bad,ADJ
servic,ADJ
quick,ADJ
last,ADJ
sommeli,ADJ
special,ADJ
modern,ADJ
clean,ADJ
pleasant,ADJ
good,ADJ
big,ADJ
fine,ADJ
electr,ADJ
mondrian,ADJ
senior,ADJ
servic,ADJ
fresh,ADJ
pricey,ADJ
worth,ADJ
full,ADJ
premium,ADJ
servic,ADJ
catheder,ADJ
best,ADJ
nice,ADJ
big,ADJ
nice,ADJ
famili,ADJ
miss,ADJ
big,ADJ
electr,ADJ
hot,ADJ
small,ADJ
central,ADJ
much,ADJ
qualiti,ADJ
corinthia,ADJ
last,ADJ
great,ADJ
main,ADJ
great,ADJ
best,ADJ
fine,ADJ
italian,ADJ
great,ADJ
servic,ADJ
great,ADJ
much,ADJ
quiet,ADJ
light,ADJ
sleeper,ADJ
cool,ADJ
great,ADJ
select,ADJ
best,ADJ
front,ADJ
servic,ADJ
great,ADJ
whimsic,ADJ
everi,ADJ
common,ADJ
morn,ADJ
top,ADJ
servic,ADJ
immedi,ADJ
late,ADJ
huge,ADJ
major,ADJ
central,ADJ
worth,ADJ
everi,ADJ
special,ADJ
open,ADJ
wooden,ADJ
languish,ADJ
back,ADJ
first,ADJ
dedic,ADJ
everi,ADJ
princess,ADJ
special,ADJ
attitud,ADJ
great,ADJ
great,ADJ
back,ADJ
notic,ADJ
great,ADJ
servic,ADJ
great,ADJ
worth,ADJ
great,ADJ
downsid,ADJ
full,ADJ
choic,ADJ
better,ADJ
worth,ADJ
recent,ADJ
old,ADJ
last,ADJ
bad,ADJ
last,ADJ
compromis,ADJ
public,ADJ
free,ADJ
public,ADJ
vernacular,ADJ
abuzz,ADJ
live,ADJ
celebr,ADJ
prompt,ADJ
good,ADJ
central,ADJ
great,ADJ
select,ADJ
moorgat,ADJ
petal,ADJ
usual,ADJ
warm,ADJ
clean,ADJ
kid,ADJ
recent,ADJ
good,ADJ
dorchest,ADJ
usual,ADJ
fresh,ADJ
incred,ADJ
first,ADJ
special,ADJ
someth,ADJ
rememb,ADJ
good,ADJ
seamless,ADJ
true,ADJ
servic,ADJ
small,ADJ
quietest,ADJ
great,ADJ
great,ADJ
small,ADJ
last,ADJ
good,ADJ
recent,ADJ
later,ADJ
great,ADJ
stylish,ADJ
live,ADJ
pringl,ADJ
nice,ADJ
clean,ADJ
well,ADJ
nice,ADJ
much,ADJ
whole,ADJ
half,ADJ
select,ADJ
fresh,ADJ
secret,ADJ
perfect,ADJ
huge,ADJ
much,ADJ
next,ADJ
brilliant,ADJ
perfect,ADJ
brilliant,ADJ
nois,ADJ
previous,ADJ
special,ADJ
celebr,ADJ
complimentari,ADJ
local,ADJ
second,ADJ
corinthia,ADJ
outstand,ADJ
public,ADJ
fresh,ADJ
special,ADJ
third,ADJ
includ,ADJ
much,ADJ
best,ADJ
great,ADJ
select,ADJ
long,ADJ
top,ADJ
round,ADJ
first,ADJ
right,ADJ
nice,ADJ
everi,ADJ
great,ADJ
hous,ADJ
ridgemont,ADJ
next,ADJ
differ,ADJ
brilliant,ADJ
free,ADJ
great,ADJ
other,ADJ
other,ADJ
close,ADJ
enough,ADJ
bustrain,ADJ
open,ADJ
hot,ADJ
cold,ADJ
overli,ADJ
warm,ADJ
servic,ADJ
enough,ADJ
advic,ADJ
public,ADJ
indic,ADJ
qualiti,ADJ
servic,ADJ
everi,ADJ
advic,ADJ
popular,ADJ
